dealer_id,salesman_id,territory_risk_tier,is_salesman_favorite,dealer_name,city,true_risk_profile,bounce_rate_lifetime,avg_days_late_nonseasonal,payment_volatility,real_exposure_pkr,order_frequency_trend,salesman_default_rate_loo,territory_default_rate_loo,is_high_risk,risk_probability,credit_score,risk_flag,top_reasons
D0001,SM001,Low,False,FM-Islamabad-0001 Traders,Islamabad,Reliable,0.0,1.0,1.224744871391589,25078.103647431464,-0.1111111111111111,0.0706134128183214,0.017698558717844946,0,0.12728674734358975,881.0,GREEN (Reliable),"[(""Elevated risk in dealer's territory"", 0.187), ('Cheque bounce history', 0.01), (""Salesman's track record with similar dealers"", -0.021)]"
D0002,SM007,Low,False,Te-Lahore-0002 Traders,Lahore,Reliable,0.0,1.6,1.6733200530681511,309052.38708507887,5.0,0.031461751367213554,0.017698558717844946,0,0.319693956703232,813.0,GREEN (Reliable),"[('Inflation-adjusted credit exposure', 0.23), ('Declining order activity', 0.191), (""Elevated risk in dealer's territory"", 0.187)]"
D0003,SM001,Medium,True,FM-Karachi-0003 Traders,Karachi,Moderate,0.0,10.909090909090908,5.7005116729407135,165814.35866354665,14.0,0.0706134128183214,0.052106245899751005,1,0.7853554766693517,695.0,AMBER (Moderate),"[('Declining order activity', 0.695), ('Late payment pattern (excluding Eid/Ramzan)', 0.502), ('Inconsistent / unpredictable payment timing', 0.135)]"
D0004,SM003,Low,False,Ph-Rawalpindi-0004 Traders,Rawalpindi,Reliable,0.0,2.75,1.9086270308410553,87062.06681778381,8.0,0.05087287953630459,0.017698558717844946,0,0.2877640270198822,822.0,GREEN (Reliable),"[('Declining order activity', 0.359), (""Elevated risk in dealer's territory"", 0.187), ('Cheque bounce history', 0.01)]"
D0005,SM001,Low,True,FM-Lahore-0005 Traders,Lahore,Reliable,0.07407407407407407,1.7,1.8092355660149217,404800.6504444943,0.45454545454545453,0.06752699306523498,0.01668384537436448,0,0.3144423325414124,815.0,GREEN (Reliable),"[('Inflation-adjusted credit exposure', 0.461), (""Elevated risk in dealer's territory"", 0.194), ('Cheque bounce history', -0.007)]"
D0006,SM008,High,False,Ph-InteriorSindh-0006 Traders,Interior Sindh,Reliable,0.0,1.9444444444444444,1.7559422921421233,307956.5119322884,-0.3333333333333333,0.0485033973303768,0.0704023655478718,0,0.19946172128852843,850.0,GREEN (Reliable),"[('Inflation-adjusted credit exposure', 0.227), ('Cheque bounce history', 0.01), (""Salesman's track record with similar dealers"", -0.004)]"
D0007,SM001,Medium,False,Ph-Karachi-0007 Traders,Karachi,Risky,0.2608695652173913,35.36363636363637,11.740766083833462,379868.53218388226,-0.08333333333333333,0.05974384760093009,0.049621773850061564,1,0.997697254155198,420.0,RED (High Risk),"[('Late payment pattern (excluding Eid/Ramzan)', 4.728), ('Inconsistent / unpredictable payment timing', 0.99), ('Inflation-adjusted credit exposure', 0.401)]"
D0008,SM003,Medium,False,FM-Karachi-0008 Traders,Karachi,Reliable,0.058823529411764705,2.25,1.7594980344783944,33702.30082427175,-0.1111111111111111,0.0489120952225791,0.05154602181011515,0,0.13456956783246418,877.0,GREEN (Reliable),"[('Cheque bounce history', -0.004), (""Salesman's track record with similar dealers"", -0.004), (""Elevated risk in dealer's territory"", -0.064)]"
D0009,SM002,Medium,True,Te-InteriorPunjab-0009 Traders,Interior Punjab,Reliable,0.058823529411764705,1.6538461538461537,1.6546610607029015,30330.69607053402,-0.5217391304347826,0.0360618368559545,0.05154602181011515,0,0.11915766719179137,885.0,GREEN (Reliable),"[(""Salesman's track record with similar dealers"", 0.005), ('Cheque bounce history', -0.004), (""Elevated risk in dealer's territory"", -0.064)]"
D0010,SM006,Medium,False,Te-InteriorPunjab-0010 Traders,Interior Punjab,Moderate,0.0,10.4,5.734002779802943,376731.8491063213,2.0,0.04057246715117146,0.052106245899751005,1,0.7453026682180766,708.0,GREEN (Reliable),"[('Late payment pattern (excluding Eid/Ramzan)', 0.414), ('Inflation-adjusted credit exposure', 0.393), ('Inconsistent / unpredictable payment timing', 0.14)]"
D0011,SM006,Medium,False,Ph-Faisalabad-0011 Traders,Faisalabad,Moderate,0.03571428571428571,10.869565217391305,6.085806194501846,370089.7079242989,-0.35294117647058826,0.039296956947089824,0.051766109845329235,0,0.7411086026514375,709.0,GREEN (Reliable),"[('Late payment pattern (excluding Eid/Ramzan)', 0.495), ('Inflation-adjusted credit exposure', 0.377), ('Inconsistent / unpredictable payment timing', 0.189)]"
D0012,SM006,Medium,False,Te-Faisalabad-0012 Traders,Faisalabad,Moderate,0.07142857142857142,6.636363636363637,6.345804186171424,506909.7374716513,0.0,0.03802144674300819,0.05142597379090747,1,0.6687568991110364,729.0,GREEN (Reliable),"[('Inflation-adjusted credit exposure', 0.708), ('Inconsistent / unpredictable payment timing', 0.226), (""Salesman's track record with similar dealers"", 0.004)]"
D0013,SM007,Medium,False,Te-Faisalabad-0013 Traders,Faisalabad,Reliable,0.0,1.4444444444444444,1.5345938729769368,48838.51080312985,0.4444444444444444,0.031461751367213554,0.052106245899751005,0,0.12548633222843578,882.0,GREEN (Reliable),"[('Cheque bounce history', 0.01), (""Salesman's track record with similar dealers"", 0.009), ('Declining order activity', -0.065)]"
D0014,SM008,Medium,False,FM-Karachi-0014 Traders,Karachi,Reliable,0.0,1.4285714285714286,1.5222649416526253,467743.5868573815,0.125,0.0485033973303768,0.052106245899751005,0,0.2760410178614113,826.0,GREEN (Reliable),"[('Inflation-adjusted credit exposure', 0.613), ('Cheque bounce history', 0.01), (""Salesman's track record with similar dealers"", -0.004)]"
D0015,SM006,Medium,False,FM-Multan-0015 Traders,Multan,Moderate,0.05263157894736842,8.0,6.248659987068182,176983.26599429347,-0.5384615384615384,0.03869276790305116,0.051604992766918927,1,0.5248154298226222,764.0,GREEN (Reliable),"[('Inconsistent / unpredictable payment timing', 0.212), (""Salesman's track record with similar dealers"", 0.003), ('Late payment pattern (excluding Eid/Ramzan)', -0.0)]"
D0016,SM004,Low,False,Ph-Rawalpindi-0016 Traders,Rawalpindi,Moderate,0.08333333333333333,8.7,5.359782899266791,508841.33991219464,0.18181818181818182,0.05357010863589812,0.01655700620642942,0,0.7646890333033353,702.0,GREEN (Reliable),"[('Inflation-adjusted credit exposure', 0.713), (""Elevated risk in dealer's territory"", 0.195), ('Late payment pattern (excluding Eid/Ramzan)', 0.12)]"
D0017,SM005,Low,False,Ph-Lahore-0017 Traders,Lahore,Reliable,0.0,1.7083333333333333,1.6696942198734437,428100.3444947522,-0.45454545454545453,0.025015859380840076,0.017698558717844946,1,0.32078904140828246,813.0,GREEN (Reliable),"[('Inflation-adjusted credit exposure', 0.518), (""Elevated risk in dealer's territory"", 0.187), (""Salesman's track record with similar dealers"", 0.014)]"
D0018,SM006,Medium,False,Te-Gujranwala-0018 Traders,Gujranwala,Reliable,0.034482758620689655,2.0588235294117645,2.0612319735239044,244723.8387735755,0.07142857142857142,0.039340940057575394,0.051777838674792055,0,0.2108480681151581,846.0,GREEN (Reliable),"[('Inflation-adjusted credit exposure', 0.074), (""Salesman's track record with similar dealers"", 0.003), ('Cheque bounce history', 0.002)]"
D0019,SM006,Medium,False,FM-Faisalabad-0019 Traders,Faisalabad,Reliable,0.0,1.7777777777777777,1.9976176286957894,40938.785392063204,21.0,0.04057246715117146,0.052106245899751005,0,0.3336507052384024,810.0,GREEN (Reliable),"[('Declining order activity', 1.088), ('Cheque bounce history', 0.01), (""Salesman's track record with similar dealers"", 0.002)]"
D0020,SM003,High,False,FM-InteriorSindh-0020 Traders,Interior Sindh,Moderate,0.041666666666666664,10.0625,7.2354528991713085,37796.19892955709,2.0,0.049483990647415696,0.06933398947949573,0,0.5656733599957319,755.0,GREEN (Reliable),"[('Late payment pattern (excluding Eid/Ramzan)', 0.356), ('Inconsistent / unpredictable payment timing', 0.352), ('Declining order activity', 0.022)]"
D0021,SM005,Low,False,Te-Rawalpindi-0021 Traders,Rawalpindi,Reliable,0.0,2.1538461538461537,1.4992061391346578,41997.67995352582,21.0,0.025015859380840076,0.017698558717844946,0,0.3946951115173247,795.0,GREEN (Reliable),"[('Declining order activity', 1.088), (""Elevated risk in dealer's territory"", 0.187), (""Salesman's track record with similar dealers"", 0.014)]"
D0022,SM004,Low,False,Ph-Lahore-0022 Traders,Lahore,Reliable,0.02631578947368421,1.3870967741935485,1.5387877916944455,96202.28638210609,-0.5384615384615384,0.05642098582888057,0.01733806845108215,0,0.15995011177370724,866.0,GREEN (Reliable),"[(""Elevated risk in dealer's territory"", 0.19), ('Cheque bounce history', 0.004), (""Salesman's track record with similar dealers"", -0.01)]"
D0023,SM006,Low,False,FM-Lahore-0023 Traders,Lahore,Reliable,0.0,1.2352941176470589,1.88048714009375,32111.35874448775,-0.4,0.04057246715117146,0.017698558717844946,0,0.14578629580847416,872.0,GREEN (Reliable),"[(""Elevated risk in dealer's territory"", 0.187), ('Cheque bounce history', 0.01), (""Salesman's track record with similar dealers"", 0.002)]"
D0024,SM008,Low,False,FM-Rawalpindi-0024 Traders,Rawalpindi,Reliable,0.0,2.4,2.3754698783308417,114346.32308708082,0.0,0.0485033973303768,0.017698558717844946,0,0.21729827596387835,844.0,GREEN (Reliable),"[(""Elevated risk in dealer's territory"", 0.187), ('Cheque bounce history', 0.01), (""Salesman's track record with similar dealers"", -0.004)]"
D0025,SM006,High,False,Te-Peshawar-0025 Traders,Peshawar,Risky,0.1,36.5,13.007476482563574,32076.483627937425,-0.3333333333333333,0.037001038579742886,0.06783826298376923,1,0.9959800016155484,452.0,RED (High Risk),"[('Late payment pattern (excluding Eid/Ramzan)', 4.925), ('Inconsistent / unpredictable payment timing', 1.169), (""Salesman's track record with similar dealers"", 0.005)]"
D0026,SM008,Low,False,Ph-Lahore-0026 Traders,Lahore,Reliable,0.0,2.235294117647059,1.739670953500985,245728.1730077164,-0.13333333333333333,0.0485033973303768,0.017698558717844946,0,0.25164640228039065,833.0,GREEN (Reliable),"[(""Elevated risk in dealer's territory"", 0.187), ('Inflation-adjusted credit exposure', 0.077), ('Cheque bounce history', 0.01)]"
D0027,SM005,Medium,False,Te-InteriorPunjab-0027 Traders,Interior Punjab,Moderate,0.0,9.090909090909092,6.393652154972765,37652.721534209864,0.4,0.025015859380840076,0.052106245899751005,0,0.5108271463411017,767.0,GREEN (Reliable),"[('Inconsistent / unpredictable payment timing', 0.233), ('Late payment pattern (excluding Eid/Ramzan)', 0.188), (""Salesman's track record with similar dealers"", 0.014)]"
D0028,SM008,Medium,False,FM-Karachi-0028 Traders,Karachi,Risky,0.3333333333333333,28.8,14.714872494434754,29743.196751632266,-0.5,0.0384023872293667,0.048931642725147835,1,0.988932607286161,511.0,RED (High Risk),"[('Late payment pattern (excluding Eid/Ramzan)', 3.594), ('Inconsistent / unpredictable payment timing', 1.411), (""Salesman's track record with similar dealers"", 0.004)]"
D0029,SM001,High,False,Te-InteriorSindh-0029 Traders,Interior Sindh,Reliable,0.0,1.2307692307692308,1.6433517087676872,302812.97695184697,0.0,0.0706134128183214,0.0704023655478718,0,0.17661204218797072,859.0,GREEN (Reliable),"[('Inflation-adjusted credit exposure', 0.215), ('Cheque bounce history', 0.01), (""Salesman's track record with similar dealers"", -0.021)]"
D0030,SM001,High,False,Ph-InteriorSindh-0030 Traders,Interior Sindh,Risky,0.1,30.0,14.741453711094435,302901.48627686553,20.0,0.06644674615165473,0.06783826298376923,1,0.9983529170660733,400.0,RED (High Risk),"[('Late payment pattern (excluding Eid/Ramzan)', 3.801), ('Inconsistent / unpredictable payment timing', 1.415), ('Declining order activity', 1.032)]"
D0031,SM002,Low,False,FM-Rawalpindi-0031 Traders,Rawalpindi,Moderate,0.08333333333333333,8.666666666666666,5.567569981404409,184544.66542871608,-0.4,0.03508144469909176,0.01655700620642942,1,0.5986175757714933,747.0,GREEN (Reliable),"[(""Elevated risk in dealer's territory"", 0.195), ('Inconsistent / unpredictable payment timing', 0.116), ('Late payment pattern (excluding Eid/Ramzan)', 0.115)]"
D0032,SM001,Low,False,FM-Islamabad-0032 Traders,Islamabad,Reliable,0.0,1.95,1.8239152027072603,357247.57944977714,-0.3333333333333333,0.0706134128183214,0.017698558717844946,0,0.2920076661145283,821.0,GREEN (Reliable),"[('Inflation-adjusted credit exposure', 0.346), (""Elevated risk in dealer's territory"", 0.187), ('Cheque bounce history', 0.01)]"
D0033,SM003,Medium,True,FM-InteriorPunjab-0033 Traders,Interior Punjab,Reliable,0.0,1.8888888888888888,1.7827331970381497,27001.37667744042,-0.14285714285714285,0.05087287953630459,0.052106245899751005,0,0.1267516704808563,881.0,GREEN (Reliable),"[('Cheque bounce history', 0.01), (""Salesman's track record with similar dealers"", -0.006), (""Elevated risk in dealer's territory"", -0.068)]"
D0034,SM003,Medium,False,Ph-InteriorPunjab-0034 Traders,Interior Punjab,Risky,0.2,22.125,14.691469828246788,43887.258172794056,10.0,0.04420621286963792,0.050201483994989096,1,0.9815918009145758,540.0,RED (High Risk),"[('Late payment pattern (excluding Eid/Ramzan)', 2.441), ('Inconsistent / unpredictable payment timing', 1.408), ('Declining order activity', 0.471)]"
D0035,SM006,Medium,False,Ph-Karachi-0035 Traders,Karachi,Risky,0.0625,21.333333333333332,14.332779612781724,438634.1942684621,16.0,0.0383403242940286,0.05151100780451291,1,0.9939802129839191,475.0,RED (High Risk),"[('Late payment pattern (excluding Eid/Ramzan)', 2.304), ('Inconsistent / unpredictable payment timing', 1.357), ('Declining order activity', 0.807)]"
D0036,SM005,Medium,False,Te-Multan-0036 Traders,Multan,Reliable,0.034482758620689655,1.565217391304348,2.2167591578746584,119555.98410158012,-0.6818181818181818,0.023903512328559768,0.051777838674792055,0,0.1523629029103326,869.0,GREEN (Reliable),"[(""Salesman's track record with similar dealers"", 0.015), ('Cheque bounce history', 0.002), (""Elevated risk in dealer's territory"", -0.066)]"
D0037,SM001,Medium,False,FM-Multan-0037 Traders,Multan,Risky,0.29411764705882354,30.8,16.63762621471603,25670.905022253908,0.42857142857142855,0.05835851085753708,0.04930512545157174,1,0.9941998652864444,473.0,RED (High Risk),"[('Late payment pattern (excluding Eid/Ramzan)', 3.94), ('Inconsistent / unpredictable payment timing', 1.683), (""Salesman's track record with similar dealers"", -0.011)]"
D0038,SM008,Medium,False,Te-Gujranwala-0038 Traders,Gujranwala,Risky,0.16129032258064516,27.333333333333332,14.455502013473572,304132.05837416934,-0.2777777777777778,0.04361581179762997,0.050570147589459144,1,0.992628291178259,487.0,RED (High Risk),"[('Late payment pattern (excluding Eid/Ramzan)', 3.341), ('Inconsistent / unpredictable payment timing', 1.374), ('Inflation-adjusted credit exposure', 0.218)]"
D0039,SM003,High,False,Ph-InteriorSindh-0039 Traders,Interior Sindh,Risky,0.25806451612903225,32.6875,13.71419160517306,179111.48353049098,-0.6521739130434783,0.042270728998670175,0.0637853266727684,1,0.9949330142292477,465.0,RED (High Risk),"[('Late payment pattern (excluding Eid/Ramzan)', 4.266), ('Inconsistent / unpredictable payment timing', 1.269), (""Salesman's track record with similar dealers"", 0.001)]"
D0040,SM006,Low,False,FM-Lahore-0040 Traders,Lahore,Reliable,0.0,1.8181818181818181,1.7000000000000002,561730.4717677601,0.7777777777777778,0.04057246715117146,0.017698558717844946,0,0.4142166267927526,790.0,GREEN (Reliable),"[('Inflation-adjusted credit exposure', 0.841), (""Elevated risk in dealer's territory"", 0.187), ('Cheque bounce history', 0.01)]"
D0041,SM003,Medium,False,Te-Karachi-0041 Traders,Karachi,Reliable,0.03125,1.9,1.3536092732085316,121191.01949834987,-0.2222222222222222,0.04983121286963792,0.05180862685213196,1,0.14554538880337242,872.0,GREEN (Reliable),"[('Cheque bounce history', 0.003), (""Salesman's track record with similar dealers"", -0.005), (""Elevated risk in dealer's territory"", -0.066)]"
D0042,SM002,Medium,True,FM-Multan-0042 Traders,Multan,Reliable,0.0,2.2666666666666666,2.1143765594836976,278285.70218752103,0.42857142857142855,0.038414778032425094,0.052106245899751005,0,0.2370702543843482,837.0,GREEN (Reliable),"[('Inflation-adjusted credit exposure', 0.155), ('Cheque bounce history', 0.01), (""Salesman's track record with similar dealers"", 0.004)]"
D0043,SM008,High,False,Te-Peshawar-0043 Traders,Peshawar,Moderate,0.05714285714285714,9.708333333333334,5.828190373546752,31506.48209498523,0.3333333333333333,0.04677179559877507,0.06893716408267034,0,0.4741359384873252,776.0,GREEN (Reliable),"[('Late payment pattern (excluding Eid/Ramzan)', 0.295), ('Inconsistent / unpredictable payment timing', 0.153), (""Salesman's track record with similar dealers"", -0.003)]"
D0044,SM001,Medium,False,Te-InteriorPunjab-0044 Traders,Interior Punjab,Reliable,0.0,2.5384615384615383,2.2954805094425805,44511.63371695909,13.0,0.0706134128183214,0.052106245899751005,1,0.2727243382888934,827.0,GREEN (Reliable),"[('Declining order activity', 0.639), ('Cheque bounce history', 0.01), (""Salesman's track record with similar dealers"", -0.021)]"
D0045,SM008,Low,False,Ph-Lahore-0045 Traders,Lahore,Reliable,0.0,1.4615384615384615,1.8104634152000358,27045.424464080446,0.4666666666666667,0.0485033973303768,0.017698558717844946,0,0.1533547257990895,869.0,GREEN (Reliable),"[(""Elevated risk in dealer's territory"", 0.187), ('Cheque bounce history', 0.01), (""Salesman's track record with similar dealers"", -0.004)]"
D0046,SM002,Medium,False,Te-Faisalabad-0046 Traders,Faisalabad,Moderate,0.12121212121212122,9.55,7.25384219575979,226183.7388185209,-0.16666666666666666,0.03356629318394024,0.05095184474534985,1,0.6551717306167095,733.0,GREEN (Reliable),"[('Inconsistent / unpredictable payment timing', 0.355), ('Late payment pattern (excluding Eid/Ramzan)', 0.267), ('Inflation-adjusted credit exposure', 0.029)]"
D0047,SM005,Medium,False,Ph-Faisalabad-0047 Traders,Faisalabad,Reliable,0.0,1.4166666666666667,1.3407911089057825,161631.52910126702,-0.07142857142857142,0.025015859380840076,0.052106245899751005,1,0.15121722353354047,869.0,GREEN (Reliable),"[(""Salesman's track record with similar dealers"", 0.014), ('Cheque bounce history', 0.01), (""Elevated risk in dealer's territory"", -0.068)]"
D0048,SM008,Medium,False,Ph-Karachi-0048 Traders,Karachi,Reliable,0.0,1.9,1.1435437497937313,31816.124738298327,-0.5555555555555556,0.0485033973303768,0.052106245899751005,0,0.1162660702810308,887.0,GREEN (Reliable),"[('Cheque bounce history', 0.01), (""Salesman's track record with similar dealers"", -0.004), (""Elevated risk in dealer's territory"", -0.068)]"
D0049,SM003,Low,False,FM-Lahore-0049 Traders,Lahore,Moderate,0.07142857142857142,9.3,5.402990624858393,84959.22778990422,14.0,0.04849192715535221,0.01672008513663164,1,0.7396189214777624,710.0,GREEN (Reliable),"[('Declining order activity', 0.695), ('Late payment pattern (excluding Eid/Ramzan)', 0.224), (""Elevated risk in dealer's territory"", 0.194)]"
D0050,SM006,High,True,FM-Peshawar-0050 Traders,Peshawar,Reliable,0.0,1.894736842105263,1.6594044679962139,77631.93255873206,1.0,0.04057246715117146,0.0704023655478718,0,0.1314837184299232,879.0,GREEN (Reliable),"[('Cheque bounce history', 0.01), (""Salesman's track record with similar dealers"", 0.002), ('Declining order activity', -0.034)]"
D0051,SM006,Medium,False,Te-InteriorPunjab-0051 Traders,Interior Punjab,Moderate,0.03333333333333333,10.333333333333334,4.80993430103734,103974.86422259799,-0.23529411764705882,0.039381990960695265,0.051788785582290685,1,0.535455624028989,762.0,GREEN (Reliable),"[('Late payment pattern (excluding Eid/Ramzan)', 0.403), ('Inconsistent / unpredictable payment timing', 0.009), (""Salesman's track record with similar dealers"", 0.003)]"
D0052,SM007,Medium,False,Ph-Karachi-0052 Traders,Karachi,Risky,0.07142857142857142,27.636363636363637,13.473145179416758,416567.92546821584,14.0,0.028060390822995867,0.05142597379090747,1,0.997308766959363,429.0,RED (High Risk),"[('Late payment pattern (excluding Eid/Ramzan)', 3.393), ('Inconsistent / unpredictable payment timing', 1.235), ('Declining order activity', 0.695)]"
D0053,SM008,Low,True,Te-Lahore-0053 Traders,Lahore,Moderate,0.0,10.642857142857142,5.10817057207437,443908.754995848,14.0,0.0485033973303768,0.017698558717844946,1,0.892026966148656,648.0,AMBER (Moderate),"[('Declining order activity', 0.695), ('Inflation-adjusted credit exposure', 0.556), ('Late payment pattern (excluding Eid/Ramzan)', 0.456)]"
D0054,SM005,Low,False,FM-Islamabad-0054 Traders,Islamabad,Reliable,0.0,2.0714285714285716,1.8750438591361565,411841.93566310307,4.666666666666667,0.025015859380840076,0.017698558717844946,1,0.39880028962455505,794.0,GREEN (Reliable),"[('Inflation-adjusted credit exposure', 0.478), (""Elevated risk in dealer's territory"", 0.187), ('Declining order activity', 0.172)]"
D0056,SM006,High,False,Ph-InteriorSindh-0056 Traders,Interior Sindh,Reliable,0.0625,1.3636363636363635,1.2344267996967353,342375.3823854336,0.2857142857142857,0.0383403242940286,0.0687998014453077,0,0.19137224523822718,853.0,GREEN (Reliable),"[('Inflation-adjusted credit exposure', 0.31), (""Salesman's track record with similar dealers"", 0.004), ('Cheque bounce history', -0.005)]"
D0057,SM008,Low,False,Te-Islamabad-0057 Traders,Islamabad,Risky,0.2857142857142857,26.083333333333332,14.89327109165491,37347.101352015125,0.625,0.03984538867236814,0.01378466439299172,1,0.9878811985036615,516.0,RED (High Risk),"[('Late payment pattern (excluding Eid/Ramzan)', 3.125), ('Inconsistent / unpredictable payment timing', 1.436), (""Elevated risk in dealer's territory"", 0.216)]"
D0058,SM002,Medium,False,FM-Karachi-0058 Traders,Karachi,Risky,0.0,26.2,13.26698546112893,169916.22242070443,-0.17647058823529413,0.038414778032425094,0.052106245899751005,1,0.9859427358985825,525.0,RED (High Risk),"[('Late payment pattern (excluding Eid/Ramzan)', 3.145), ('Inconsistent / unpredictable payment timing', 1.206), ('Cheque bounce history', 0.01)]"
D0059,SM001,Low,False,Te-Rawalpindi-0059 Traders,Rawalpindi,Reliable,0.0,2.5454545454545454,1.9752253419585197,41860.99151545732,12.0,0.0706134128183214,0.017698558717844946,0,0.30318969953864405,818.0,GREEN (Reliable),"[('Declining order activity', 0.583), (""Elevated risk in dealer's territory"", 0.187), ('Cheque bounce history', 0.01)]"
D0060,SM006,Low,True,FM-Lahore-0060 Traders,Lahore,Moderate,0.0,10.538461538461538,4.73990154609425,45557.39856805922,-0.2222222222222222,0.04057246715117146,0.017698558717844946,1,0.5712698660574085,753.0,GREEN (Reliable),"[('Late payment pattern (excluding Eid/Ramzan)', 0.438), (""Elevated risk in dealer's territory"", 0.187), ('Cheque bounce history', 0.01)]"
D0061,SM005,Medium,False,Te-Karachi-0061 Traders,Karachi,Reliable,0.0,1.8666666666666667,1.7226756328550041,168903.7264529956,-0.05,0.025015859380840076,0.052106245899751005,1,0.17158049322516708,861.0,GREEN (Reliable),"[(""Salesman's track record with similar dealers"", 0.014), ('Cheque bounce history', 0.01), (""Elevated risk in dealer's territory"", -0.068)]"
D0062,SM003,Low,False,FM-Lahore-0062 Traders,Lahore,Reliable,0.0,1.6666666666666667,1.69085018821135,65278.11762483594,0.16666666666666666,0.05087287953630459,0.017698558717844946,0,0.16572754310527174,863.0,GREEN (Reliable),"[(""Elevated risk in dealer's territory"", 0.187), ('Cheque bounce history', 0.01), (""Salesman's track record with similar dealers"", -0.006)]"
D0063,SM004,Medium,False,FM-Karachi-0063 Traders,Karachi,Reliable,0.0,1.4545454545454546,1.713446070320696,308123.8791176758,-0.7,0.05773677530256478,0.052106245899751005,0,0.20233700269668276,849.0,GREEN (Reliable),"[('Inflation-adjusted credit exposure', 0.227), ('Cheque bounce history', 0.01), (""Salesman's track record with similar dealers"", -0.011)]"
D0064,SM002,Medium,False,FM-Gujranwala-0064 Traders,Gujranwala,Moderate,0.1111111111111111,9.142857142857142,4.882549100038393,288289.3549641721,7.0,0.03397033358798065,0.05104804484154995,1,0.6876358383007884,724.0,GREEN (Reliable),"[('Declining order activity', 0.303), ('Late payment pattern (excluding Eid/Ramzan)', 0.197), ('Inflation-adjusted credit exposure', 0.18)]"
D0065,SM006,Medium,False,Te-Karachi-0065 Traders,Karachi,Reliable,0.0,2.5,1.855921454276674,643806.1947667866,9.0,0.04057246715117146,0.052106245899751005,1,0.5492111884137901,759.0,GREEN (Reliable),"[('Inflation-adjusted credit exposure', 1.039), ('Declining order activity', 0.415), ('Cheque bounce history', 0.01)]"
D0066,SM001,Low,False,Ph-Islamabad-0066 Traders,Islamabad,Moderate,0.125,8.909090909090908,7.399138649008596,35545.45700945386,-0.4,0.06540507948498807,0.01598622995072166,0,0.577401969937403,752.0,GREEN (Reliable),"[('Inconsistent / unpredictable payment timing', 0.375), (""Elevated risk in dealer's territory"", 0.2), ('Late payment pattern (excluding Eid/Ramzan)', 0.157)]"
D0067,SM006,Low,False,FM-Lahore-0067 Traders,Lahore,Reliable,0.0,1.3448275862068966,2.033805211017918,36504.49779976815,0.26666666666666666,0.04057246715117146,0.017698558717844946,0,0.1571748085939266,867.0,GREEN (Reliable),"[(""Elevated risk in dealer's territory"", 0.187), ('Cheque bounce history', 0.01), (""Salesman's track record with similar dealers"", 0.002)]"
D0068,SM003,Low,False,Ph-Rawalpindi-0068 Traders,Rawalpindi,Reliable,0.0,1.3333333333333333,1.2485285456935955,570031.7333599847,0.5714285714285714,0.05087287953630459,0.017698558717844946,1,0.37904584276061,798.0,GREEN (Reliable),"[('Inflation-adjusted credit exposure', 0.861), (""Elevated risk in dealer's territory"", 0.187), ('Cheque bounce history', 0.01)]"
D0069,SM002,Medium,False,FM-InteriorPunjab-0069 Traders,Interior Punjab,Risky,0.06666666666666667,31.76923076923077,14.29612258198428,25214.731104168608,-0.3333333333333333,0.03574811136575842,0.05147132526483037,1,0.9932472510811471,482.0,RED (High Risk),"[('Late payment pattern (excluding Eid/Ramzan)', 4.107), ('Inconsistent / unpredictable payment timing', 1.352), (""Salesman's track record with similar dealers"", 0.006)]"
D0070,SM003,Medium,True,Te-Karachi-0070 Traders,Karachi,Risky,0.21212121212121213,28.41176470588235,15.47648340100355,230718.82616729272,-0.5652173913043478,0.04380217246559751,0.050086043879548986,1,0.993513333026613,480.0,RED (High Risk),"[('Late payment pattern (excluding Eid/Ramzan)', 3.527), ('Inconsistent / unpredictable payment timing', 1.519), ('Inflation-adjusted credit exposure', 0.04)]"
D0071,SM005,Medium,False,FM-InteriorPunjab-0071 Traders,Interior Punjab,Moderate,0.05555555555555555,11.916666666666666,8.544434032817882,208655.35892603433,-0.6153846153846154,0.023223744685499575,0.05157714537065047,0,0.7658053559676293,702.0,GREEN (Reliable),"[('Late payment pattern (excluding Eid/Ramzan)', 0.676), ('Inconsistent / unpredictable payment timing', 0.537), (""Salesman's track record with similar dealers"", 0.015)]"
D0072,SM006,Low,False,Te-Lahore-0072 Traders,Lahore,Reliable,0.05555555555555555,2.48,1.8473375358822495,372255.48995888734,0.7692307692307693,0.038588340167044474,0.016937523710234596,0,0.33719976536589313,809.0,GREEN (Reliable),"[('Inflation-adjusted credit exposure', 0.383), (""Elevated risk in dealer's territory"", 0.193), (""Salesman's track record with similar dealers"", 0.004)]"
D0073,SM003,Medium,False,FM-Karachi-0073 Traders,Karachi,Risky,0.1,33.857142857142854,13.169830843425606,308123.8791176758,0.0,0.04753954620297125,0.05115386494737006,1,0.9972143524308971,431.0,RED (High Risk),"[('Late payment pattern (excluding Eid/Ramzan)', 4.468), ('Inconsistent / unpredictable payment timing', 1.192), ('Inflation-adjusted credit exposure', 0.227)]"
D0074,SM008,Low,False,FM-Islamabad-0074 Traders,Islamabad,Reliable,0.0,2.090909090909091,1.5782614139961386,37003.729573839875,0.75,0.0485033973303768,0.017698558717844946,0,0.1690071784065489,862.0,GREEN (Reliable),"[(""Elevated risk in dealer's territory"", 0.187), ('Cheque bounce history', 0.01), (""Salesman's track record with similar dealers"", -0.004)]"
D0075,SM004,Medium,False,Te-InteriorPunjab-0075 Traders,Interior Punjab,Reliable,0.0,1.5625,1.8128843613430887,100804.13971660784,0.1111111111111111,0.05773677530256478,0.052106245899751005,0,0.1424982632663328,873.0,GREEN (Reliable),"[('Cheque bounce history', 0.01), (""Salesman's track record with similar dealers"", -0.011), (""Elevated risk in dealer's territory"", -0.068)]"
D0076,SM007,Medium,True,Te-Karachi-0076 Traders,Karachi,Reliable,0.0,1.3333333333333333,2.0579830217101063,344663.75665776886,-0.2,0.031461751367213554,0.052106245899751005,0,0.2301263825436271,840.0,GREEN (Reliable),"[('Inflation-adjusted credit exposure', 0.316), ('Cheque bounce history', 0.01), (""Salesman's track record with similar dealers"", 0.009)]"
D0077,SM008,Medium,False,FM-Multan-0077 Traders,Multan,Moderate,0.0,12.105263157894736,5.780914489249587,54385.54007489618,-0.35714285714285715,0.0485033973303768,0.052106245899751005,1,0.6124554926663225,744.0,GREEN (Reliable),"[('Late payment pattern (excluding Eid/Ramzan)', 0.709), ('Inconsistent / unpredictable payment timing', 0.146), ('Cheque bounce history', 0.01)]"
D0078,SM007,Low,False,Ph-Rawalpindi-0078 Traders,Rawalpindi,Reliable,0.0,1.0625,1.5949481650269413,200650.42167993326,-0.5384615384615384,0.031461751367213554,0.017698558717844946,0,0.19282426679000977,853.0,GREEN (Reliable),"[(""Elevated risk in dealer's territory"", 0.187), ('Cheque bounce history', 0.01), (""Salesman's track record with similar dealers"", 0.009)]"
D0079,SM008,Medium,False,FM-InteriorPunjab-0079 Traders,Interior Punjab,Reliable,0.0,1.8,1.970368732287556,407227.23412567214,0.0,0.0485033973303768,0.052106245899751005,1,0.2709424113670896,827.0,GREEN (Reliable),"[('Inflation-adjusted credit exposure', 0.467), ('Cheque bounce history', 0.01), (""Salesman's track record with similar dealers"", -0.004)]"
D0080,SM008,Low,True,Ph-Rawalpindi-0080 Traders,Rawalpindi,Risky,0.05555555555555555,37.642857142857146,15.568161325565185,121454.69232701804,-0.36363636363636365,0.046819895646875116,0.016937523710234596,1,0.9987301650140227,385.0,RED (High Risk),"[('Late payment pattern (excluding Eid/Ramzan)', 5.122), ('Inconsistent / unpredictable payment timing', 1.532), (""Elevated risk in dealer's territory"", 0.193)]"
D0081,SM003,High,True,Ph-Peshawar-0081 Traders,Peshawar,Reliable,0.0,1.5,2.1054093516491506,217333.61514186615,-0.1,0.05087287953630459,0.0704023655478718,0,0.16454816924927657,864.0,GREEN (Reliable),"[('Cheque bounce history', 0.01), ('Inflation-adjusted credit exposure', 0.008), (""Salesman's track record with similar dealers"", -0.006)]"
D0082,SM003,Low,False,Te-Islamabad-0082 Traders,Islamabad,Reliable,0.0,1.3333333333333333,0.9962049198956218,293664.47334475187,12.0,0.05087287953630459,0.017698558717844946,0,0.36434243913887765,802.0,GREEN (Reliable),"[('Declining order activity', 0.583), ('Inflation-adjusted credit exposure', 0.193), (""Elevated risk in dealer's territory"", 0.187)]"
D0083,SM007,Medium,False,Ph-Gujranwala-0083 Traders,Gujranwala,Risky,0.2,34.0,15.500597360054176,187985.4772592712,-0.15789473684210525,0.021937941843404026,0.050201483994989096,1,0.9973717431910055,427.0,RED (High Risk),"[('Late payment pattern (excluding Eid/Ramzan)', 4.493), ('Inconsistent / unpredictable payment timing', 1.522), (""Salesman's track record with similar dealers"", 0.016)]"
D0084,SM003,Low,False,FM-Lahore-0084 Traders,Lahore,Reliable,0.0625,1.6153846153846154,1.5675276256394517,361739.9594496362,-0.6666666666666666,0.048789546202971254,0.016842394334283303,0,0.27300065808490304,826.0,GREEN (Reliable),"[('Inflation-adjusted credit exposure', 0.357), (""Elevated risk in dealer's territory"", 0.193), (""Salesman's track record with similar dealers"", -0.004)]"
D0085,SM002,Medium,False,Te-Faisalabad-0085 Traders,Faisalabad,Reliable,0.0,1.9583333333333333,1.7525491637693282,362724.0146673937,-0.47368421052631576,0.038414778032425094,0.052106245899751005,0,0.24604794582906228,835.0,GREEN (Reliable),"[('Inflation-adjusted credit exposure', 0.359), ('Cheque bounce history', 0.01), (""Salesman's track record with similar dealers"", 0.004)]"
D0086,SM002,High,False,FM-InteriorSindh-0086 Traders,Interior Sindh,Risky,0.0625,28.916666666666668,13.442292888314777,47788.54636975781,-0.5454545454545454,0.03591477803242509,0.0687998014453077,1,0.9865086229338788,522.0,RED (High Risk),"[('Late payment pattern (excluding Eid/Ramzan)', 3.614), ('Inconsistent / unpredictable payment timing', 1.231), (""Salesman's track record with similar dealers"", 0.006)]"
D0087,SM007,Medium,False,Te-Faisalabad-0087 Traders,Faisalabad,Reliable,0.0,2.347826086956522,2.1530136971918146,408055.4330255124,5.25,0.031461751367213554,0.052106245899751005,0,0.3635502690351196,802.0,GREEN (Reliable),"[('Inflation-adjusted credit exposure', 0.469), ('Declining order activity', 0.205), ('Cheque bounce history', 0.01)]"
D0088,SM007,Medium,True,Te-Karachi-0088 Traders,Karachi,Moderate,0.0625,9.304347826086957,5.124204451850825,24712.89608716608,-0.2222222222222222,0.028485560891023075,0.05151100780451291,1,0.45544589124972734,780.0,GREEN (Reliable),"[('Late payment pattern (excluding Eid/Ramzan)', 0.225), ('Inconsistent / unpredictable payment timing', 0.053), (""Salesman's track record with similar dealers"", 0.011)]"
D0089,SM002,Medium,False,FM-InteriorPunjab-0089 Traders,Interior Punjab,Reliable,0.0,1.2,1.0787197799411876,43815.78077421306,11.0,0.038414778032425094,0.052106245899751005,0,0.18636470847209716,855.0,GREEN (Reliable),"[('Declining order activity', 0.527), ('Cheque bounce history', 0.01), (""Salesman's track record with similar dealers"", 0.004)]"
D0090,SM001,Medium,False,FM-Karachi-0090 Traders,Karachi,Reliable,0.02702702702702703,1.103448275862069,1.5306394555404426,531157.8541578803,-0.05263157894736842,0.06948728669219527,0.05184884564235075,1,0.2898188283980924,822.0,GREEN (Reliable),"[('Inflation-adjusted credit exposure', 0.767), ('Cheque bounce history', 0.004), (""Salesman's track record with similar dealers"", -0.02)]"
D0091,SM004,Medium,False,Te-Karachi-0091 Traders,Karachi,Reliable,0.0,2.217391304347826,1.5737428845483836,29727.040797932736,-0.3333333333333333,0.05773677530256478,0.052106245899751005,0,0.12874349262069226,880.0,GREEN (Reliable),"[('Cheque bounce history', 0.01), (""Salesman's track record with similar dealers"", -0.011), (""Elevated risk in dealer's territory"", -0.068)]"
D0092,SM008,Medium,False,FM-Faisalabad-0092 Traders,Faisalabad,Reliable,0.0,1.5454545454545454,1.6563785025137654,173272.47446637752,-0.375,0.0485033973303768,0.052106245899751005,0,0.15911004431061634,866.0,GREEN (Reliable),"[('Cheque bounce history', 0.01), (""Salesman's track record with similar dealers"", -0.004), (""Elevated risk in dealer's territory"", -0.068)]"
D0093,SM003,Low,False,Te-Rawalpindi-0093 Traders,Rawalpindi,Reliable,0.0,1.25,1.127493605332358,296711.7475687848,18.0,0.05087287953630459,0.017698558717844946,0,0.4480440575511261,782.0,GREEN (Reliable),"[('Declining order activity', 0.92), ('Inflation-adjusted credit exposure', 0.2), (""Elevated risk in dealer's territory"", 0.187)]"
D0094,SM005,Low,False,Ph-Islamabad-0094 Traders,Islamabad,Reliable,0.0,1.4482758620689655,1.5387877916944455,56739.91762987315,-0.3181818181818182,0.025015859380840076,0.017698558717844946,1,0.15398568801393453,868.0,GREEN (Reliable),"[(""Elevated risk in dealer's territory"", 0.187), (""Salesman's track record with similar dealers"", 0.014), ('Cheque bounce history', 0.01)]"
D0095,SM005,Medium,True,Ph-Gujranwala-0095 Traders,Gujranwala,Risky,0.23076923076923078,34.0,16.953858951086428,294697.357871263,-0.14285714285714285,0.01757169064634876,0.04990844370194881,1,0.9983438296240109,400.0,RED (High Risk),"[('Late payment pattern (excluding Eid/Ramzan)', 4.493), ('Inconsistent / unpredictable payment timing', 1.728), ('Inflation-adjusted credit exposure', 0.195)]"
D0096,SM001,Low,False,FM-Lahore-0096 Traders,Lahore,Reliable,0.0,2.3214285714285716,1.891203014315154,126231.51653460081,-0.5217391304347826,0.0706134128183214,0.017698558717844946,0,0.2008578140200319,850.0,GREEN (Reliable),"[(""Elevated risk in dealer's territory"", 0.187), ('Cheque bounce history', 0.01), (""Salesman's track record with similar dealers"", -0.021)]"
D0097,SM001,Low,False,FM-Islamabad-0097 Traders,Islamabad,Reliable,0.0,2.25,2.574643252722186,159884.65543155992,-0.2857142857142857,0.0706134128183214,0.017698558717844946,0,0.23113147456351688,839.0,GREEN (Reliable),"[(""Elevated risk in dealer's territory"", 0.187), ('Cheque bounce history', 0.01), (""Salesman's track record with similar dealers"", -0.021)]"
D0098,SM003,Low,False,Te-Islamabad-0098 Traders,Islamabad,Moderate,0.0,12.0,3.642695536169715,101023.45722685373,-0.375,0.05087287953630459,0.017698558717844946,1,0.6229175845041073,741.0,GREEN (Reliable),"[('Late payment pattern (excluding Eid/Ramzan)', 0.691), (""Elevated risk in dealer's territory"", 0.187), ('Cheque bounce history', 0.01)]"
D0099,SM006,Medium,False,FM-Karachi-0099 Traders,Karachi,Risky,0.0,33.42857142857143,10.039208847599213,277832.4695436331,0.6666666666666666,0.04057246715117146,0.052106245899751005,1,0.9952703614684383,461.0,RED (High Risk),"[('Late payment pattern (excluding Eid/Ramzan)', 4.394), ('Inconsistent / unpredictable payment timing', 0.749), ('Inflation-adjusted credit exposure', 0.154)]"
D0100,SM005,Low,True,Ph-Lahore-0100 Traders,Lahore,Moderate,0.0,9.157894736842104,5.683332169622374,365891.01647521165,-0.25,0.025015859380840076,0.017698558717844946,1,0.7244481407726693,714.0,GREEN (Reliable),"[('Inflation-adjusted credit exposure', 0.367), ('Late payment pattern (excluding Eid/Ramzan)', 0.2), (""Elevated risk in dealer's territory"", 0.187)]"
D0101,SM002,Medium,False,Ph-InteriorPunjab-0101 Traders,Interior Punjab,Reliable,0.0,1.9090909090909092,1.5985190514644287,310307.9479237749,-0.3333333333333333,0.038414778032425094,0.052106245899751005,0,0.21943570156448386,843.0,GREEN (Reliable),"[('Inflation-adjusted credit exposure', 0.233), ('Cheque bounce history', 0.01), (""Salesman's track record with similar dealers"", 0.004)]"
D0102,SM006,Medium,False,Te-Karachi-0102 Traders,Karachi,Reliable,0.0,2.0,1.8973665961010278,31643.72725413453,0.0,0.04057246715117146,0.052106245899751005,0,0.13383094138875376,878.0,GREEN (Reliable),"[('Cheque bounce history', 0.01), (""Salesman's track record with similar dealers"", 0.002), (""Elevated risk in dealer's territory"", -0.068)]"
D0103,SM004,Medium,False,Te-Faisalabad-0103 Traders,Faisalabad,Risky,0.11538461538461539,31.6875,14.96861010707238,81433.91250302734,3.2,0.051967544533334006,0.05100734480084991,1,0.9954395432560634,459.0,RED (High Risk),"[('Late payment pattern (excluding Eid/Ramzan)', 4.093), ('Inconsistent / unpredictable payment timing', 1.447), ('Declining order activity', 0.09)]"
D0104,SM004,Medium,False,Te-Karachi-0104 Traders,Karachi,Risky,0.2857142857142857,25.4,13.24009063413087,220785.16234659168,-0.25,0.04345106101685049,0.049385157464376855,1,0.9848742063634706,529.0,RED (High Risk),"[('Late payment pattern (excluding Eid/Ramzan)', 3.007), ('Inconsistent / unpredictable payment timing', 1.202), ('Inflation-adjusted credit exposure', 0.016)]"
D0105,SM004,High,False,FM-Peshawar-0105 Traders,Peshawar,Reliable,0.02631578947368421,2.064516129032258,1.674755147717064,262491.7977021897,-0.48,0.05642098582888057,0.06972760171521324,0,0.18156856046579414,857.0,GREEN (Reliable),"[('Inflation-adjusted credit exposure', 0.117), ('Cheque bounce history', 0.004), (""Salesman's track record with similar dealers"", -0.01)]"
D0106,SM004,Low,False,FM-Lahore-0106 Traders,Lahore,Reliable,0.0,1.3529411764705883,1.4342743312012722,627573.8010005387,21.0,0.05773677530256478,0.017698558717844946,0,0.6932707348094042,723.0,GREEN (Reliable),"[('Declining order activity', 1.088), ('Inflation-adjusted credit exposure', 1.0), (""Elevated risk in dealer's territory"", 0.187)]"
D0107,SM002,Medium,False,Ph-Karachi-0107 Traders,Karachi,Moderate,0.07142857142857142,9.416666666666666,3.9903730305670577,88589.00969810043,14.0,0.03555763517528224,0.05142597379090747,0,0.6514045748692511,734.0,GREEN (Reliable),"[('Declining order activity', 0.695), ('Late payment pattern (excluding Eid/Ramzan)', 0.244), (""Salesman's track record with similar dealers"", 0.006)]"
D0108,SM007,Low,False,Ph-Lahore-0108 Traders,Lahore,Reliable,0.03125,2.217391304347826,1.827507851210648,198374.02978973888,-0.11764705882352941,0.029973656129118315,0.017270476526064123,0,0.234292044255959,838.0,GREEN (Reliable),"[(""Elevated risk in dealer's territory"", 0.19), (""Salesman's track record with similar dealers"", 0.01), ('Cheque bounce history', 0.003)]"
D0109,SM003,High,False,Ph-InteriorSindh-0109 Traders,Interior Sindh,Moderate,0.0,8.928571428571429,6.263808275933025,39668.79372728553,2.25,0.05087287953630459,0.0704023655478718,1,0.4875251249464661,773.0,GREEN (Reliable),"[('Inconsistent / unpredictable payment timing', 0.215), ('Late payment pattern (excluding Eid/Ramzan)', 0.16), ('Declining order activity', 0.036)]"
D0110,SM004,Low,False,FM-Islamabad-0110 Traders,Islamabad,Reliable,0.0,2.45,1.823001188516709,250508.67123604353,-0.07692307692307693,0.05773677530256478,0.017698558717844946,0,0.26245639093085404,830.0,GREEN (Reliable),"[(""Elevated risk in dealer's territory"", 0.187), ('Inflation-adjusted credit exposure', 0.088), ('Cheque bounce history', 0.01)]"
D0111,SM006,Medium,False,Ph-Gujranwala-0111 Traders,Gujranwala,Reliable,0.03125,1.68,1.5394455083302816,237389.90516957978,-0.3157894736842105,0.03945639572260003,0.05180862685213196,0,0.18270007021630086,856.0,GREEN (Reliable),"[('Inflation-adjusted credit exposure', 0.057), (""Salesman's track record with similar dealers"", 0.003), ('Cheque bounce history', 0.003)]"
D0112,SM003,Medium,False,FM-Karachi-0112 Traders,Karachi,Reliable,0.0,1.1818181818181819,1.6620770138594663,211738.87104460178,-0.4,0.05087287953630459,0.052106245899751005,0,0.16285789099636552,864.0,GREEN (Reliable),"[('Cheque bounce history', 0.01), ('Inflation-adjusted credit exposure', -0.006), (""Salesman's track record with similar dealers"", -0.006)]"
D0113,SM008,Low,False,Ph-Lahore-0113 Traders,Lahore,Risky,0.1,33.857142857142854,10.333333333333332,83494.84876102595,8.0,0.04547309430007376,0.016328695704146315,1,0.9964752744023475,444.0,RED (High Risk),"[('Late payment pattern (excluding Eid/Ramzan)', 4.468), ('Inconsistent / unpredictable payment timing', 0.791), ('Declining order activity', 0.359)]"
D0114,SM008,High,True,Te-InteriorSindh-0114 Traders,Interior Sindh,Moderate,0.09090909090909091,10.307692307692308,4.807888255116191,159884.65543155992,-0.3076923076923077,0.04574857639373768,0.06807136321686946,1,0.532250003012235,762.0,GREEN (Reliable),"[('Late payment pattern (excluding Eid/Ramzan)', 0.398), ('Inconsistent / unpredictable payment timing', 0.008), (""Salesman's track record with similar dealers"", -0.002)]"
D0115,SM008,Medium,False,Te-Karachi-0115 Traders,Karachi,Reliable,0.0,1.2307692307692308,1.6605279103876789,26680.544075232527,-0.45454545454545453,0.0485033973303768,0.052106245899751005,0,0.11130496545731634,890.0,GREEN (Reliable),"[('Cheque bounce history', 0.01), (""Salesman's track record with similar dealers"", -0.004), (""Elevated risk in dealer's territory"", -0.068)]"
D0116,SM008,Medium,False,Ph-Faisalabad-0116 Traders,Faisalabad,Reliable,0.0,2.3636363636363638,2.134231724753677,172804.66451607973,14.0,0.0485033973303768,0.052106245899751005,0,0.34278703062969346,807.0,GREEN (Reliable),"[('Declining order activity', 0.695), ('Cheque bounce history', 0.01), (""Salesman's track record with similar dealers"", -0.004)]"
D0117,SM004,Medium,False,Ph-Faisalabad-0117 Traders,Faisalabad,Reliable,0.0,1.4,1.3789543689024493,26050.27005336617,0.4,0.05773677530256478,0.052106245899751005,0,0.11418167278787038,888.0,GREEN (Reliable),"[('Cheque bounce history', 0.01), (""Salesman's track record with similar dealers"", -0.011), ('Declining order activity', -0.067)]"
D0118,SM002,Medium,False,Ph-Karachi-0118 Traders,Karachi,Reliable,0.0,1.4814814814814814,1.953047346941169,236231.9112462332,0.5384615384615384,0.038414778032425094,0.052106245899751005,1,0.1942166654326699,852.0,GREEN (Reliable),"[('Inflation-adjusted credit exposure', 0.054), ('Cheque bounce history', 0.01), (""Salesman's track record with similar dealers"", 0.004)]"
D0119,SM006,High,False,FM-Peshawar-0119 Traders,Peshawar,Risky,0.16666666666666666,31.666666666666668,13.736291868103061,119361.26811602627,0.25,0.034620086198790506,0.06612886127436753,1,0.9934570671532486,480.0,RED (High Risk),"[('Late payment pattern (excluding Eid/Ramzan)', 4.09), ('Inconsistent / unpredictable payment timing', 1.273), (""Salesman's track record with similar dealers"", 0.007)]"
D0120,SM008,Medium,False,Ph-Gujranwala-0120 Traders,Gujranwala,Reliable,0.0,1.0,1.2292725943057183,294943.70303657174,10.0,0.0485033973303768,0.052106245899751005,0,0.2801474285864548,824.0,GREEN (Reliable),"[('Declining order activity', 0.471), ('Inflation-adjusted credit exposure', 0.196), ('Cheque bounce history', 0.01)]"
D0121,SM002,Medium,True,Ph-InteriorPunjab-0121 Traders,Interior Punjab,Moderate,0.0,10.0,4.933842623179526,268404.81004154985,-0.5,0.038414778032425094,0.052106245899751005,0,0.6203161126549903,742.0,GREEN (Reliable),"[('Late payment pattern (excluding Eid/Ramzan)', 0.345), ('Inflation-adjusted credit exposure', 0.131), ('Inconsistent / unpredictable payment timing', 0.026)]"
D0122,SM003,High,True,FM-Peshawar-0122 Traders,Peshawar,Moderate,0.0,10.0,5.202317038022824,270748.29567871697,-0.375,0.05087287953630459,0.0704023655478718,1,0.5978124872872508,747.0,GREEN (Reliable),"[('Late payment pattern (excluding Eid/Ramzan)', 0.345), ('Inflation-adjusted credit exposure', 0.137), ('Inconsistent / unpredictable payment timing', 0.064)]"
D0123,SM004,Medium,False,FM-Multan-0123 Traders,Multan,Reliable,0.0,2.1875,1.5893847208431549,536378.0219151729,0.25,0.05773677530256478,0.052106245899751005,0,0.34127491911050706,808.0,GREEN (Reliable),"[('Inflation-adjusted credit exposure', 0.779), ('Cheque bounce history', 0.01), (""Salesman's track record with similar dealers"", -0.011)]"
D0124,SM007,Medium,False,Te-Karachi-0124 Traders,Karachi,Reliable,0.0,0.75,1.1821319289469756,65420.141893593805,-0.7,0.031461751367213554,0.052106245899751005,0,0.10569626151415636,893.0,GREEN (Reliable),"[('Cheque bounce history', 0.01), (""Salesman's track record with similar dealers"", 0.009), (""Elevated risk in dealer's territory"", -0.068)]"
D0125,SM005,High,True,Ph-InteriorSindh-0125 Traders,Interior Sindh,Risky,0.2,31.136363636363637,14.883058650109819,297917.1731412651,-0.42105263157894735,0.01856424647761427,0.06527416041966666,1,0.9959225168149768,453.0,RED (High Risk),"[('Late payment pattern (excluding Eid/Ramzan)', 3.998), ('Inconsistent / unpredictable payment timing', 1.435), ('Inflation-adjusted credit exposure', 0.203)]"
D0126,SM001,Low,False,Te-Lahore-0126 Traders,Lahore,Reliable,0.05128205128205128,1.7741935483870968,1.7561560534542722,178431.56200765137,-0.375,0.06847666068156925,0.01699606486466616,0,0.20334771961163964,849.0,GREEN (Reliable),"[(""Elevated risk in dealer's territory"", 0.192), ('Cheque bounce history', -0.002), (""Salesman's track record with similar dealers"", -0.019)]"
D0127,SM007,Low,False,FM-Rawalpindi-0127 Traders,Rawalpindi,Reliable,0.0,2.7777777777777777,2.083070158815998,381469.24334379047,-0.2727272727272727,0.031461751367213554,0.017698558717844946,0,0.35109634895228636,805.0,GREEN (Reliable),"[('Inflation-adjusted credit exposure', 0.405), (""Elevated risk in dealer's territory"", 0.187), ('Cheque bounce history', 0.01)]"
D0128,SM002,Low,False,Ph-Lahore-0128 Traders,Lahore,Reliable,0.0,2.1666666666666665,1.9364916731037085,133424.69252615972,-0.5,0.038414778032425094,0.017698558717844946,0,0.2045305470971004,848.0,GREEN (Reliable),"[(""Elevated risk in dealer's territory"", 0.187), ('Cheque bounce history', 0.01), (""Salesman's track record with similar dealers"", 0.004)]"
D0129,SM005,Low,False,FM-Lahore-0129 Traders,Lahore,Reliable,0.0,2.1904761904761907,1.422722014672748,57923.57573348603,-0.5714285714285714,0.025015859380840076,0.017698558717844946,0,0.1675369889516299,862.0,GREEN (Reliable),"[(""Elevated risk in dealer's territory"", 0.187), (""Salesman's track record with similar dealers"", 0.014), ('Cheque bounce history', 0.01)]"
D0130,SM008,Medium,False,FM-Karachi-0130 Traders,Karachi,Moderate,0.2222222222222222,11.666666666666666,5.879747322073336,70437.29934266569,-0.2,0.04176939059637006,0.049989843783348885,1,0.6015141027899582,746.0,GREEN (Reliable),"[('Late payment pattern (excluding Eid/Ramzan)', 0.633), ('Inconsistent / unpredictable payment timing', 0.16), (""Salesman's track record with similar dealers"", 0.001)]"
D0131,SM006,Low,False,FM-Rawalpindi-0131 Traders,Rawalpindi,Reliable,0.030303030303030304,1.375,1.3912166872805047,215803.93608425886,-0.5,0.03949021606892038,0.017283448713693847,0,0.20133186022517965,849.0,GREEN (Reliable),"[(""Elevated risk in dealer's territory"", 0.19), ('Inflation-adjusted credit exposure', 0.004), ('Cheque bounce history', 0.003)]"
D0132,SM003,Low,False,Te-Rawalpindi-0132 Traders,Rawalpindi,Reliable,0.027777777777777776,2.129032258064516,1.9415838635401934,246798.58772778057,0.25,0.04994695361037867,0.01731804121403977,0,0.25723709403114314,831.0,GREEN (Reliable),"[(""Elevated risk in dealer's territory"", 0.19), ('Inflation-adjusted credit exposure', 0.079), ('Cheque bounce history', 0.004)]"
D0133,SM007,Medium,False,Te-Gujranwala-0133 Traders,Gujranwala,Reliable,0.0,1.8235294117647058,1.416279616889396,32674.545588131266,-0.7333333333333333,0.031461751367213554,0.052106245899751005,0,0.11943143078496828,885.0,GREEN (Reliable),"[('Cheque bounce history', 0.01), (""Salesman's track record with similar dealers"", 0.009), (""Elevated risk in dealer's territory"", -0.068)]"
D0134,SM008,High,False,FM-Peshawar-0134 Traders,Peshawar,Reliable,0.0,1.7619047619047619,1.786768122219737,211508.90824967079,0.0,0.0485033973303768,0.0704023655478718,0,0.16365271419328845,864.0,GREEN (Reliable),"[('Cheque bounce history', 0.01), (""Salesman's track record with similar dealers"", -0.004), ('Inflation-adjusted credit exposure', -0.006)]"
D0135,SM004,Low,False,Ph-Lahore-0135 Traders,Lahore,Reliable,0.0,1.8333333333333333,1.822518197617012,235847.169907159,-0.5454545454545454,0.05773677530256478,0.017698558717844946,0,0.23119209734136448,839.0,GREEN (Reliable),"[(""Elevated risk in dealer's territory"", 0.187), ('Inflation-adjusted credit exposure', 0.053), ('Cheque bounce history', 0.01)]"
D0136,SM005,Medium,False,Ph-Karachi-0136 Traders,Karachi,Reliable,0.0,2.357142857142857,1.6396358733271998,331934.6088071854,-0.8,0.025015859380840076,0.052106245899751005,0,0.24059530456900205,836.0,GREEN (Reliable),"[('Inflation-adjusted credit exposure', 0.285), (""Salesman's track record with similar dealers"", 0.014), ('Cheque bounce history', 0.01)]"
D0137,SM004,High,False,Ph-InteriorSindh-0137 Traders,Interior Sindh,Risky,0.13333333333333333,15.076923076923077,10.641597142515296,367233.2456932309,-0.5,0.051070108635898115,0.06698356212906838,1,0.9058361137158264,639.0,AMBER (Moderate),"[('Late payment pattern (excluding Eid/Ramzan)', 1.223), ('Inconsistent / unpredictable payment timing', 0.834), ('Inflation-adjusted credit exposure', 0.37)]"
D0138,SM003,Medium,False,Te-Faisalabad-0138 Traders,Faisalabad,Reliable,0.0,1.5588235294117647,1.7201012243196958,51397.63136301566,0.5333333333333333,0.05087287953630459,0.052106245899751005,0,0.13022061469301371,880.0,GREEN (Reliable),"[('Cheque bounce history', 0.01), (""Salesman's track record with similar dealers"", -0.006), ('Declining order activity', -0.06)]"
D0139,SM008,Low,True,Te-Rawalpindi-0139 Traders,Rawalpindi,Moderate,0.0,9.8,6.1539392052518265,111705.79843580147,-0.6666666666666666,0.0485033973303768,0.017698558717844946,0,0.6197731110344047,742.0,GREEN (Reliable),"[('Late payment pattern (excluding Eid/Ramzan)', 0.311), ('Inconsistent / unpredictable payment timing', 0.199), (""Elevated risk in dealer's territory"", 0.187)]"
D0140,SM005,Low,False,Te-Lahore-0140 Traders,Lahore,Reliable,0.0,1.7419354838709677,1.545023227719748,550849.8685398464,0.46153846153846156,0.025015859380840076,0.017698558717844946,1,0.39797716078114104,794.0,GREEN (Reliable),"[('Inflation-adjusted credit exposure', 0.814), (""Elevated risk in dealer's territory"", 0.187), (""Salesman's track record with similar dealers"", 0.014)]"
D0141,SM008,Medium,False,Te-Karachi-0141 Traders,Karachi,Reliable,0.0,1.619047619047619,1.756307314969503,28139.685102211697,-0.14285714285714285,0.0485033973303768,0.052106245899751005,0,0.12176580890198518,884.0,GREEN (Reliable),"[('Cheque bounce history', 0.01), (""Salesman's track record with similar dealers"", -0.004), (""Elevated risk in dealer's territory"", -0.068)]"
D0142,SM008,Low,False,FM-Rawalpindi-0142 Traders,Rawalpindi,Reliable,0.0,2.142857142857143,1.8257418583505538,32639.05881241797,0.0,0.0485033973303768,0.017698558717844946,0,0.16780456874091945,862.0,GREEN (Reliable),"[(""Elevated risk in dealer's territory"", 0.187), ('Cheque bounce history', 0.01), (""Salesman's track record with similar dealers"", -0.004)]"
D0143,SM006,Medium,False,Te-Faisalabad-0143 Traders,Faisalabad,Reliable,0.0,2.32,2.126635992632799,259654.85114560084,-0.2777777777777778,0.04057246715117146,0.052106245899751005,0,0.2237163709283727,842.0,GREEN (Reliable),"[('Inflation-adjusted credit exposure', 0.11), ('Cheque bounce history', 0.01), (""Salesman's track record with similar dealers"", 0.002)]"
D0144,SM005,High,False,Ph-InteriorSindh-0144 Traders,Interior Sindh,Reliable,0.0,2.0,1.5511559096637113,397335.0607818676,1.1111111111111112,0.025015859380840076,0.0704023655478718,0,0.2508340163572265,833.0,GREEN (Reliable),"[('Inflation-adjusted credit exposure', 0.443), (""Salesman's track record with similar dealers"", 0.014), ('Cheque bounce history', 0.01)]"
D0145,SM005,Low,False,Ph-Lahore-0145 Traders,Lahore,Moderate,0.1,10.130434782608695,5.4207578238301135,324974.96701696375,-0.42105263157894735,0.021790052929227175,0.016328695704146315,1,0.726715191092926,713.0,GREEN (Reliable),"[('Late payment pattern (excluding Eid/Ramzan)', 0.368), ('Inflation-adjusted credit exposure', 0.268), (""Elevated risk in dealer's territory"", 0.197)]"
D0146,SM003,Low,False,Ph-Rawalpindi-0146 Traders,Rawalpindi,Reliable,0.0,2.3333333333333335,2.0232168923292906,418837.419885144,14.0,0.05087287953630459,0.017698558717844946,1,0.5439841120756738,760.0,GREEN (Reliable),"[('Declining order activity', 0.695), ('Inflation-adjusted credit exposure', 0.495), (""Elevated risk in dealer's territory"", 0.187)]"
D0147,SM004,Medium,False,Ph-Karachi-0147 Traders,Karachi,Reliable,0.07407407407407407,2.764705882352941,1.9731531449264992,344614.94530068384,0.07692307692307693,0.05403307159886108,0.051400778527616965,0,0.2716555285303457,827.0,GREEN (Reliable),"[('Inflation-adjusted credit exposure', 0.316), ('Cheque bounce history', -0.007), (""Salesman's track record with similar dealers"", -0.008)]"
D0148,SM005,Medium,False,FM-Gujranwala-0148 Traders,Gujranwala,Reliable,0.0,2.111111111111111,1.378954368902449,170288.143697056,12.0,0.025015859380840076,0.052106245899751005,0,0.2886664906537517,822.0,GREEN (Reliable),"[('Declining order activity', 0.583), (""Salesman's track record with similar dealers"", 0.014), ('Cheque bounce history', 0.01)]"
D0149,SM005,Low,True,Te-Lahore-0149 Traders,Lahore,Reliable,0.0,1.6818181818181819,1.6412033350858064,45212.176000000014,-0.3157894736842105,0.025015859380840076,0.017698558717844946,0,0.15755312792839912,867.0,GREEN (Reliable),"[(""Elevated risk in dealer's territory"", 0.187), (""Salesman's track record with similar dealers"", 0.014), ('Cheque bounce history', 0.01)]"
D0150,SM001,Low,False,FM-Lahore-0150 Traders,Lahore,Reliable,0.0,2.3333333333333335,1.599597487248627,255253.9600508001,0.35714285714285715,0.0706134128183214,0.017698558717844946,1,0.2575001480958022,831.0,GREEN (Reliable),"[(""Elevated risk in dealer's territory"", 0.187), ('Inflation-adjusted credit exposure', 0.1), ('Cheque bounce history', 0.01)]"
D0151,SM003,High,False,Te-InteriorSindh-0151 Traders,Interior Sindh,Moderate,0.08333333333333333,9.777777777777779,4.842989309769892,64677.94619215893,-0.5,0.04809510175852681,0.06826561341111965,0,0.4502177612410866,781.0,GREEN (Reliable),"[('Late payment pattern (excluding Eid/Ramzan)', 0.307), ('Inconsistent / unpredictable payment timing', 0.013), (""Salesman's track record with similar dealers"", -0.004)]"
D0152,SM004,Low,False,Ph-Islamabad-0152 Traders,Islamabad,Reliable,0.0,1.4285714285714286,1.7438823185999512,114657.38381710472,-0.625,0.05773677530256478,0.017698558717844946,0,0.1707826331254617,861.0,GREEN (Reliable),"[(""Elevated risk in dealer's territory"", 0.187), ('Cheque bounce history', 0.01), (""Salesman's track record with similar dealers"", -0.011)]"
D0153,SM008,Low,False,Te-Islamabad-0153 Traders,Islamabad,Reliable,0.0,1.3333333333333333,1.6787441193290351,27296.389315372104,0.2,0.0485033973303768,0.017698558717844946,0,0.14633003988941076,872.0,GREEN (Reliable),"[(""Elevated risk in dealer's territory"", 0.187), ('Cheque bounce history', 0.01), (""Salesman's track record with similar dealers"", -0.004)]"
D0154,SM007,Medium,False,Ph-Gujranwala-0154 Traders,Gujranwala,Reliable,0.0,1.7142857142857142,1.722731270483888,601533.1274696814,1.3,0.031461751367213554,0.052106245899751005,0,0.38126417387061956,798.0,GREEN (Reliable),"[('Inflation-adjusted credit exposure', 0.937), ('Cheque bounce history', 0.01), (""Salesman's track record with similar dealers"", 0.009)]"
D0155,SM008,Medium,False,Te-Gujranwala-0155 Traders,Gujranwala,Moderate,0.0,12.210526315789474,6.6560521559728105,328168.78940228606,-0.5333333333333333,0.0485033973303768,0.052106245899751005,1,0.7775921282736162,698.0,AMBER (Moderate),"[('Late payment pattern (excluding Eid/Ramzan)', 0.727), ('Inflation-adjusted credit exposure', 0.276), ('Inconsistent / unpredictable payment timing', 0.27)]"
D0156,SM004,Medium,False,FM-Karachi-0156 Traders,Karachi,Moderate,0.125,8.25,6.604471789556498,223440.09614272453,-0.8571428571428571,0.05148677530256478,0.05091576970927481,1,0.5660272548435779,755.0,GREEN (Reliable),"[('Inconsistent / unpredictable payment timing', 0.263), ('Late payment pattern (excluding Eid/Ramzan)', 0.043), ('Inflation-adjusted credit exposure', 0.023)]"
D0157,SM005,Low,False,FM-Lahore-0157 Traders,Lahore,Reliable,0.0,2.6363636363636362,1.5406577730392867,106490.48712064615,0.3333333333333333,0.025015859380840076,0.017698558717844946,0,0.20729711477201967,847.0,GREEN (Reliable),"[(""Elevated risk in dealer's territory"", 0.187), (""Salesman's track record with similar dealers"", 0.014), ('Cheque bounce history', 0.01)]"
D0158,SM007,Medium,False,FM-Karachi-0158 Traders,Karachi,Reliable,0.0,2.6666666666666665,2.46429041972071,76709.50348280814,3.5,0.031461751367213554,0.052106245899751005,0,0.20425485903548068,848.0,GREEN (Reliable),"[('Declining order activity', 0.107), ('Cheque bounce history', 0.01), (""Salesman's track record with similar dealers"", 0.009)]"
D0159,SM005,Medium,False,FM-Faisalabad-0159 Traders,Faisalabad,Reliable,0.0,0.8571428571428571,1.0593499054713802,37509.78879053553,0.0,0.025015859380840076,0.052106245899751005,0,0.1036169597957023,894.0,GREEN (Reliable),"[(""Salesman's track record with similar dealers"", 0.014), ('Cheque bounce history', 0.01), (""Elevated risk in dealer's territory"", -0.068)]"
D0160,SM005,Low,False,Te-Rawalpindi-0160 Traders,Rawalpindi,Reliable,0.0,1.7857142857142858,1.8934009929915634,643106.9775129491,18.0,0.025015859380840076,0.017698558717844946,1,0.70044811162097,721.0,GREEN (Reliable),"[('Inflation-adjusted credit exposure', 1.037), ('Declining order activity', 0.92), (""Elevated risk in dealer's territory"", 0.187)]"
D0161,SM002,Low,False,Te-Lahore-0161 Traders,Lahore,Reliable,0.0,2.0714285714285716,1.5839103288458478,346492.4342923551,1.1666666666666667,0.038414778032425094,0.017698558717844946,0,0.3065947492840489,817.0,GREEN (Reliable),"[('Inflation-adjusted credit exposure', 0.32), (""Elevated risk in dealer's territory"", 0.187), ('Cheque bounce history', 0.01)]"
D0162,SM008,Low,False,FM-Islamabad-0162 Traders,Islamabad,Reliable,0.0,1.0555555555555556,1.6874889770363088,53274.18110898552,-0.6875,0.0485033973303768,0.017698558717844946,0,0.14216612955222263,874.0,GREEN (Reliable),"[(""Elevated risk in dealer's territory"", 0.187), ('Cheque bounce history', 0.01), (""Salesman's track record with similar dealers"", -0.004)]"
D0163,SM006,Medium,False,FM-Gujranwala-0163 Traders,Gujranwala,Reliable,0.0,2.0,1.5781242633190171,101794.83300266408,0.1,0.04057246715117146,0.052106245899751005,0,0.149628371779432,870.0,GREEN (Reliable),"[('Cheque bounce history', 0.01), (""Salesman's track record with similar dealers"", 0.002), (""Elevated risk in dealer's territory"", -0.068)]"
D0164,SM003,High,False,FM-InteriorSindh-0164 Traders,Interior Sindh,Reliable,0.09090909090909091,2.0,1.449137674618944,274898.73808016937,-0.625,0.04784257650600156,0.06807136321686946,0,0.1789548414722564,858.0,GREEN (Reliable),"[('Inflation-adjusted credit exposure', 0.147), (""Salesman's track record with similar dealers"", -0.003), ('Cheque bounce history', -0.011)]"
D0165,SM001,Medium,False,Te-InteriorPunjab-0165 Traders,Interior Punjab,Moderate,0.05,11.3,5.920526292395581,402113.00088457385,18.0,0.06853007948498806,0.05163005542356053,0,0.8988638796368008,644.0,AMBER (Moderate),"[('Declining order activity', 0.92), ('Late payment pattern (excluding Eid/Ramzan)', 0.57), ('Inflation-adjusted credit exposure', 0.455)]"
D0166,SM002,Low,False,Te-Islamabad-0166 Traders,Islamabad,Moderate,0.0,9.857142857142858,5.830951894845301,119296.43328548328,-0.5,0.038414778032425094,0.017698558717844946,1,0.6196552414492125,742.0,GREEN (Reliable),"[('Late payment pattern (excluding Eid/Ramzan)', 0.32), (""Elevated risk in dealer's territory"", 0.187), ('Inconsistent / unpredictable payment timing', 0.153)]"
D0167,SM006,High,False,FM-Peshawar-0167 Traders,Peshawar,Risky,0.15151515151515152,26.91304347826087,18.86052959806741,150202.28504520806,1.0,0.03516121173991605,0.06651736166286791,1,0.9935916682392667,479.0,RED (High Risk),"[('Late payment pattern (excluding Eid/Ramzan)', 3.268), ('Inconsistent / unpredictable payment timing', 1.998), (""Salesman's track record with similar dealers"", 0.006)]"
D0168,SM006,Medium,False,Ph-Karachi-0168 Traders,Karachi,Reliable,0.0,1.6,1.3801311186847085,612083.1495382686,5.0,0.04057246715117146,0.052106245899751005,0,0.4191186861796631,789.0,GREEN (Reliable),"[('Inflation-adjusted credit exposure', 0.962), ('Declining order activity', 0.191), ('Cheque bounce history', 0.01)]"
D0169,SM003,Medium,True,Te-Multan-0169 Traders,Multan,Reliable,0.0,2.1,1.9439254496626546,321637.42528307205,-0.2608695652173913,0.05087287953630459,0.052106245899751005,1,0.2377471289986113,837.0,GREEN (Reliable),"[('Inflation-adjusted credit exposure', 0.26), ('Cheque bounce history', 0.01), (""Salesman's track record with similar dealers"", -0.006)]"
D0170,SM004,Medium,False,Ph-Multan-0170 Traders,Multan,Moderate,0.10810810810810811,12.071428571428571,6.041209491584622,158502.84289221835,1.3636363636363635,0.05233136989715938,0.05107664487014998,0,0.6933910086313783,723.0,GREEN (Reliable),"[('Late payment pattern (excluding Eid/Ramzan)', 0.703), ('Inconsistent / unpredictable payment timing', 0.183), (""Salesman's track record with similar dealers"", -0.007)]"
D0171,SM007,Low,False,Te-Islamabad-0171 Traders,Islamabad,Reliable,0.0,1.5625,2.0713464679952,371245.5762437207,1.0,0.031461751367213554,0.017698558717844946,0,0.3144810269579329,815.0,GREEN (Reliable),"[('Inflation-adjusted credit exposure', 0.38), (""Elevated risk in dealer's territory"", 0.187), ('Cheque bounce history', 0.01)]"
D0172,SM001,High,False,Te-Peshawar-0172 Traders,Peshawar,Reliable,0.045454545454545456,1.5,1.760681686165901,575008.7722575058,0.0,0.068719473424382,0.06923686438237063,0,0.3059762956484035,817.0,GREEN (Reliable),"[('Inflation-adjusted credit exposure', 0.873), ('Cheque bounce history', -0.001), (""Salesman's track record with similar dealers"", -0.019)]"
D0173,SM005,Low,False,FM-Islamabad-0173 Traders,Islamabad,Reliable,0.0,1.4545454545454546,1.408308678285174,307622.05024440004,-0.2222222222222222,0.025015859380840076,0.017698558717844946,0,0.24801560663559397,834.0,GREEN (Reliable),"[('Inflation-adjusted credit exposure', 0.226), (""Elevated risk in dealer's territory"", 0.187), (""Salesman's track record with similar dealers"", 0.014)]"
D0174,SM005,High,True,Te-InteriorSindh-0174 Traders,Interior Sindh,Reliable,0.0,1.8095238095238095,2.4138847998278266,581291.2243251917,0.4444444444444444,0.025015859380840076,0.0704023655478718,0,0.35488510021432756,804.0,GREEN (Reliable),"[('Inflation-adjusted credit exposure', 0.888), (""Salesman's track record with similar dealers"", 0.014), ('Cheque bounce history', 0.01)]"
D0175,SM001,Medium,False,Ph-Faisalabad-0175 Traders,Faisalabad,Reliable,0.07692307692307693,1.8,1.5879984667608413,258042.82318902708,-0.14285714285714285,0.06740828461319319,0.051373645167150275,0,0.19158942253940356,853.0,GREEN (Reliable),"[('Inflation-adjusted credit exposure', 0.106), ('Cheque bounce history', -0.008), (""Salesman's track record with similar dealers"", -0.018)]"
D0176,SM002,Medium,False,Ph-Karachi-0176 Traders,Karachi,Risky,0.11764705882352941,25.833333333333332,14.08883380891542,58683.83932551594,0.42857142857142855,0.033708895679483916,0.0509857977204793,1,0.9829195816618548,536.0,RED (High Risk),"[('Late payment pattern (excluding Eid/Ramzan)', 3.081), ('Inconsistent / unpredictable payment timing', 1.322), (""Salesman's track record with similar dealers"", 0.007)]"
D0177,SM002,Low,True,Ph-Lahore-0177 Traders,Lahore,Risky,0.0,25.4,13.739404711633812,412289.71029055794,4.0,0.038414778032425094,0.017698558717844946,1,0.9948030900047009,467.0,RED (High Risk),"[('Late payment pattern (excluding Eid/Ramzan)', 3.007), ('Inconsistent / unpredictable payment timing', 1.273), ('Inflation-adjusted credit exposure', 0.479)]"
D0178,SM006,Medium,False,FM-Karachi-0178 Traders,Karachi,Reliable,0.0,1.4615384615384615,1.6888013236829962,29230.53538796499,-0.5217391304347826,0.04057246715117146,0.052106245899751005,0,0.11658474109977944,887.0,GREEN (Reliable),"[('Cheque bounce history', 0.01), (""Salesman's track record with similar dealers"", 0.002), (""Elevated risk in dealer's territory"", -0.068)]"
D0179,SM007,Low,False,FM-Rawalpindi-0179 Traders,Rawalpindi,Moderate,0.0,9.222222222222221,6.303438215238834,57359.848716201835,0.0,0.031461751367213554,0.017698558717844946,0,0.5814807491483549,751.0,GREEN (Reliable),"[('Inconsistent / unpredictable payment timing', 0.22), ('Late payment pattern (excluding Eid/Ramzan)', 0.211), (""Elevated risk in dealer's territory"", 0.187)]"
D0180,SM005,Medium,False,Ph-Karachi-0180 Traders,Karachi,Reliable,0.0,2.090909090909091,1.9277263893659975,130627.1895201025,-0.7083333333333334,0.025015859380840076,0.052106245899751005,0,0.162993344481783,864.0,GREEN (Reliable),"[(""Salesman's track record with similar dealers"", 0.014), ('Cheque bounce history', 0.01), (""Elevated risk in dealer's territory"", -0.068)]"
D0181,SM005,Medium,False,Ph-Faisalabad-0181 Traders,Faisalabad,Risky,0.11764705882352941,30.666666666666668,15.028096291976558,363315.73227491236,0.125,0.021220792967177837,0.0509857977204793,1,0.9968264268751923,438.0,RED (High Risk),"[('Late payment pattern (excluding Eid/Ramzan)', 3.917), ('Inconsistent / unpredictable payment timing', 1.455), ('Inflation-adjusted credit exposure', 0.361)]"
D0182,SM003,Low,False,Ph-Lahore-0182 Traders,Lahore,Reliable,0.02857142857142857,2.142857142857143,2.0999957558738203,522854.2327219947,0.1875,0.04992049858392364,0.017307169285359626,0,0.40809743641608853,791.0,GREEN (Reliable),"[('Inflation-adjusted credit exposure', 0.747), (""Elevated risk in dealer's territory"", 0.19), ('Cheque bounce history', 0.003)]"
D0183,SM001,High,True,Te-Peshawar-0183 Traders,Peshawar,Moderate,0.03571428571428571,10.375,6.391099580365952,46205.53487700069,-0.4444444444444444,0.06912531758022615,0.06948661463212089,0,0.5168170735213864,766.0,GREEN (Reliable),"[('Late payment pattern (excluding Eid/Ramzan)', 0.41), ('Inconsistent / unpredictable payment timing', 0.233), ('Cheque bounce history', 0.002)]"
D0184,SM007,Medium,False,Te-InteriorPunjab-0184 Traders,Interior Punjab,Risky,0.17647058823529413,29.583333333333332,10.133179100426414,138070.84851506722,0.8333333333333334,0.023058390022675734,0.05042557363084344,1,0.9873019801157866,519.0,RED (High Risk),"[('Late payment pattern (excluding Eid/Ramzan)', 3.729), ('Inconsistent / unpredictable payment timing', 0.762), (""Salesman's track record with similar dealers"", 0.015)]"
D0185,SM007,Low,False,Ph-Islamabad-0185 Traders,Islamabad,Reliable,0.0,2.6666666666666665,1.8575654633281302,472597.2314247784,1.5,0.031461751367213554,0.017698558717844946,0,0.4144334858902652,790.0,GREEN (Reliable),"[('Inflation-adjusted credit exposure', 0.625), (""Elevated risk in dealer's territory"", 0.187), ('Cheque bounce history', 0.01)]"
D0186,SM006,High,False,Ph-InteriorSindh-0186 Traders,Interior Sindh,Reliable,0.1,2.2857142857142856,1.130388330520878,41139.46473493058,8.0,0.037001038579742886,0.06783826298376923,0,0.16898609304325268,862.0,GREEN (Reliable),"[('Declining order activity', 0.359), (""Salesman's track record with similar dealers"", 0.005), ('Cheque bounce history', -0.013)]"
D0187,SM007,High,False,Te-InteriorSindh-0187 Traders,Interior Sindh,Reliable,0.0,0.7142857142857143,0.4879500364742666,88444.72836862764,7.0,0.031461751367213554,0.0704023655478718,1,0.13144102070232586,879.0,GREEN (Reliable),"[('Declining order activity', 0.303), ('Cheque bounce history', 0.01), (""Salesman's track record with similar dealers"", 0.009)]"
D0188,SM001,High,False,Ph-Peshawar-0188 Traders,Peshawar,Reliable,0.0,2.310344827586207,1.3732131246511903,115407.38641065374,-0.7142857142857143,0.0706134128183214,0.0704023655478718,1,0.13190450274890447,879.0,GREEN (Reliable),"[('Cheque bounce history', 0.01), (""Salesman's track record with similar dealers"", -0.021), ('Declining order activity', -0.13)]"
D0189,SM005,Low,False,Ph-Lahore-0189 Traders,Lahore,Reliable,0.0,1.411764705882353,1.3890959226126398,46684.996807940646,-0.48,0.025015859380840076,0.017698558717844946,1,0.14622008210126325,872.0,GREEN (Reliable),"[(""Elevated risk in dealer's territory"", 0.187), (""Salesman's track record with similar dealers"", 0.014), ('Cheque bounce history', 0.01)]"
D0190,SM002,Low,False,Te-Rawalpindi-0190 Traders,Rawalpindi,Moderate,0.0,9.90625,6.266226707353484,70898.04731572127,0.26666666666666666,0.038414778032425094,0.017698558717844946,1,0.6187382402278981,742.0,GREEN (Reliable),"[('Late payment pattern (excluding Eid/Ramzan)', 0.329), ('Inconsistent / unpredictable payment timing', 0.215), (""Elevated risk in dealer's territory"", 0.187)]"
D0191,SM005,High,True,Ph-InteriorSindh-0191 Traders,Interior Sindh,Reliable,0.037037037037037035,2.0,2.141171498179299,182351.8903735632,-0.5,0.02382111625061308,0.06945269793153751,0,0.1650053075774737,863.0,GREEN (Reliable),"[(""Salesman's track record with similar dealers"", 0.015), ('Cheque bounce history', 0.001), ('Inflation-adjusted credit exposure', -0.077)]"
D0192,SM004,Medium,False,Te-Multan-0192 Traders,Multan,Reliable,0.02564102564102564,1.7037037037037037,1.8814434094564731,232918.2286015695,0.05263157894736842,0.056454724020513505,0.05186204565555076,0,0.19034464533942638,853.0,GREEN (Reliable),"[('Inflation-adjusted credit exposure', 0.046), ('Cheque bounce history', 0.004), (""Salesman's track record with similar dealers"", -0.01)]"
D0193,SM001,High,False,Te-Peshawar-0193 Traders,Peshawar,Risky,0.25,18.5,19.5021366350801,42341.35692267461,4.0,0.06019674615165473,0.06399210913761538,1,0.9724710276151897,564.0,RED (High Risk),"[('Inconsistent / unpredictable payment timing', 2.089), ('Late payment pattern (excluding Eid/Ramzan)', 1.814), ('Declining order activity', 0.135)]"
D0194,SM005,Medium,True,FM-Gujranwala-0194 Traders,Gujranwala,Reliable,0.0,1.75,1.6362578957724947,36405.46261026072,0.23076923076923078,0.025015859380840076,0.052106245899751005,0,0.1288222605287215,880.0,GREEN (Reliable),"[(""Salesman's track record with similar dealers"", 0.014), ('Cheque bounce history', 0.01), (""Elevated risk in dealer's territory"", -0.068)]"
D0195,SM008,Medium,False,Ph-Karachi-0195 Traders,Karachi,Risky,0.26666666666666666,17.25,17.177681079608135,193687.84358465768,-0.3333333333333333,0.04042258924956872,0.04956656336006846,1,0.9630469411349695,582.0,AMBER (Moderate),"[('Inconsistent / unpredictable payment timing', 1.76), ('Late payment pattern (excluding Eid/Ramzan)', 1.598), (""Salesman's track record with similar dealers"", 0.002)]"
D0196,SM003,Medium,False,Ph-Karachi-0196 Traders,Karachi,Reliable,0.0,1.2857142857142858,1.2478553029669976,65065.65912836507,-0.5,0.05087287953630459,0.052106245899751005,0,0.11527323206741191,888.0,GREEN (Reliable),"[('Cheque bounce history', 0.01), (""Salesman's track record with similar dealers"", -0.006), (""Elevated risk in dealer's territory"", -0.068)]"
D0197,SM001,Low,False,Ph-Lahore-0197 Traders,Lahore,Reliable,0.0,2.2857142857142856,1.2880570286640687,131624.60786653394,0.0,0.0706134128183214,0.017698558717844946,0,0.19306437837002174,852.0,GREEN (Reliable),"[(""Elevated risk in dealer's territory"", 0.187), ('Cheque bounce history', 0.01), (""Salesman's track record with similar dealers"", -0.021)]"
D0198,SM007,High,False,Ph-InteriorSindh-0198 Traders,Interior Sindh,Moderate,0.11904761904761904,8.962962962962964,6.068799743798631,123182.60477291537,-0.09090909090909091,0.025792817126850737,0.06734986249536874,1,0.5031536483109083,769.0,GREEN (Reliable),"[('Inconsistent / unpredictable payment timing', 0.187), ('Late payment pattern (excluding Eid/Ramzan)', 0.166), (""Salesman's track record with similar dealers"", 0.013)]"
D0199,SM001,High,False,Ph-InteriorSindh-0199 Traders,Interior Sindh,Moderate,0.06896551724137931,8.181818181818182,6.282748958293215,448822.3919819404,-0.7391304347826086,0.0677398495999306,0.06863401895193899,0,0.6523054560851232,734.0,GREEN (Reliable),"[('Inflation-adjusted credit exposure', 0.568), ('Inconsistent / unpredictable payment timing', 0.217), ('Late payment pattern (excluding Eid/Ramzan)', 0.031)]"
D0200,SM008,Medium,False,Ph-InteriorPunjab-0200 Traders,Interior Punjab,Reliable,0.0,1.6666666666666667,1.562128004498679,46180.43688607629,-0.5357142857142857,0.0485033973303768,0.052106245899751005,0,0.1220138651564921,884.0,GREEN (Reliable),"[('Cheque bounce history', 0.01), (""Salesman's track record with similar dealers"", -0.004), (""Elevated risk in dealer's territory"", -0.068)]"
D0201,SM005,High,False,FM-InteriorSindh-0201 Traders,Interior Sindh,Reliable,0.0,1.4615384615384615,1.5984195491000022,33356.17313153993,-0.4444444444444444,0.025015859380840076,0.0704023655478718,0,0.10455474079282912,894.0,GREEN (Reliable),"[(""Salesman's track record with similar dealers"", 0.014), ('Cheque bounce history', 0.01), ('Declining order activity', -0.115)]"
D0202,SM002,Low,True,FM-Lahore-0202 Traders,Lahore,Reliable,0.0,1.52,1.53055303488399,354540.4466747056,-0.5263157894736842,0.038414778032425094,0.017698558717844946,0,0.2700411657253233,827.0,GREEN (Reliable),"[('Inflation-adjusted credit exposure', 0.34), (""Elevated risk in dealer's territory"", 0.187), ('Cheque bounce history', 0.01)]"
D0203,SM003,High,False,FM-InteriorSindh-0203 Traders,Interior Sindh,Moderate,0.045454545454545456,9.941176470588236,5.06575806389377,112864.93830849837,-0.3076923076923077,0.049357728021153076,0.06923686438237063,0,0.4970095109458998,771.0,GREEN (Reliable),"[('Late payment pattern (excluding Eid/Ramzan)', 0.335), ('Inconsistent / unpredictable payment timing', 0.045), ('Cheque bounce history', -0.001)]"
D0204,SM002,Medium,False,Te-InteriorPunjab-0204 Traders,Interior Punjab,Moderate,0.0,7.875,4.971027168615266,267822.114930016,-0.75,0.038414778032425094,0.052106245899751005,0,0.5283428981929148,763.0,GREEN (Reliable),"[('Inflation-adjusted credit exposure', 0.13), ('Inconsistent / unpredictable payment timing', 0.031), ('Cheque bounce history', 0.01)]"
D0205,SM007,Low,True,Ph-Lahore-0205 Traders,Lahore,Reliable,0.0,1.6,1.2724180205607036,51341.810044507816,-0.8333333333333334,0.031461751367213554,0.017698558717844946,0,0.14653989421518732,872.0,GREEN (Reliable),"[(""Elevated risk in dealer's territory"", 0.187), ('Cheque bounce history', 0.01), (""Salesman's track record with similar dealers"", 0.009)]"
D0206,SM003,Medium,False,FM-Faisalabad-0206 Traders,Faisalabad,Moderate,0.21428571428571427,10.3,4.941475672122834,379196.1462540127,0.8,0.04373002239344745,0.05006542957322039,0,0.6995201299772684,721.0,GREEN (Reliable),"[('Inflation-adjusted credit exposure', 0.399), ('Late payment pattern (excluding Eid/Ramzan)', 0.397), ('Inconsistent / unpredictable payment timing', 0.027)]"
D0207,SM004,High,False,Ph-InteriorSindh-0207 Traders,Interior Sindh,Risky,0.15151515151515152,23.041666666666668,15.587396550320108,54474.26009440256,0.0625,0.0501610177268072,0.06651736166286791,1,0.9738112163183333,561.0,RED (High Risk),"[('Late payment pattern (excluding Eid/Ramzan)', 2.599), ('Inconsistent / unpredictable payment timing', 1.535), (""Salesman's track record with similar dealers"", -0.005)]"
D0208,SM006,Medium,False,Te-Faisalabad-0208 Traders,Faisalabad,Risky,0.14814814814814814,26.647058823529413,12.605601364899295,102683.62008901563,-0.7142857142857143,0.03528146186016617,0.05069531115548293,1,0.9823505833126983,538.0,RED (High Risk),"[('Late payment pattern (excluding Eid/Ramzan)', 3.222), ('Inconsistent / unpredictable payment timing', 1.112), (""Salesman's track record with similar dealers"", 0.006)]"
D0209,SM005,High,False,FM-InteriorSindh-0209 Traders,Interior Sindh,Reliable,0.0,1.7647058823529411,1.5264551613058028,223683.0311067119,-0.6153846153846154,0.025015859380840076,0.0704023655478718,0,0.16044630788809167,865.0,GREEN (Reliable),"[('Inflation-adjusted credit exposure', 0.023), (""Salesman's track record with similar dealers"", 0.014), ('Cheque bounce history', 0.01)]"
D0210,SM004,Medium,False,FM-Karachi-0210 Traders,Karachi,Reliable,0.0,1.6666666666666667,1.5366550286574245,63944.17074851137,-0.4166666666666667,0.05773677530256478,0.052106245899751005,0,0.12625345899415233,882.0,GREEN (Reliable),"[('Cheque bounce history', 0.01), (""Salesman's track record with similar dealers"", -0.011), (""Elevated risk in dealer's territory"", -0.068)]"
D0211,SM008,Medium,False,Ph-Faisalabad-0211 Traders,Faisalabad,Reliable,0.0,1.6521739130434783,1.7916472867168918,35142.19152218443,1.125,0.0485033973303768,0.052106245899751005,0,0.1327262555404225,878.0,GREEN (Reliable),"[('Cheque bounce history', 0.01), (""Salesman's track record with similar dealers"", -0.004), ('Declining order activity', -0.027)]"
D0212,SM002,High,False,FM-Peshawar-0212 Traders,Peshawar,Risky,0.15,19.9,15.789516253812584,245923.45958984384,-0.18181818181818182,0.03241477803242509,0.06655621170171795,1,0.9724606451697165,564.0,RED (High Risk),"[('Late payment pattern (excluding Eid/Ramzan)', 2.056), ('Inconsistent / unpredictable payment timing', 1.563), ('Inflation-adjusted credit exposure', 0.077)]"
D0213,SM008,Medium,False,Te-Faisalabad-0213 Traders,Faisalabad,Reliable,0.027777777777777776,1.8571428571428572,2.1111946516469904,29614.194572495693,0.11764705882352941,0.04766164648862596,0.05184169563520074,0,0.13351775445490846,878.0,GREEN (Reliable),"[('Cheque bounce history', 0.004), (""Salesman's track record with similar dealers"", -0.003), (""Elevated risk in dealer's territory"", -0.066)]"
D0214,SM002,Medium,False,Ph-Karachi-0214 Traders,Karachi,Reliable,0.0,0.3333333333333333,0.5773502691896258,661176.5271182362,3.0,0.038414778032425094,0.052106245899751005,0,0.34281155334333735,807.0,GREEN (Reliable),"[('Inflation-adjusted credit exposure', 1.081), ('Declining order activity', 0.079), ('Cheque bounce history', 0.01)]"
D0215,SM001,Medium,False,Te-InteriorPunjab-0215 Traders,Interior Punjab,Risky,0.23529411764705882,34.18181818181818,15.818392410783671,236617.28022013573,-0.38095238095238093,0.060809491249693946,0.04986534954120759,1,0.9977281990708448,419.0,RED (High Risk),"[('Late payment pattern (excluding Eid/Ramzan)', 4.524), ('Inconsistent / unpredictable payment timing', 1.567), ('Inflation-adjusted credit exposure', 0.055)]"
D0216,SM002,Low,False,Ph-Rawalpindi-0216 Traders,Rawalpindi,Reliable,0.0,1.9523809523809523,1.5617789341495933,341261.0647301927,-0.5263157894736842,0.038414778032425094,0.017698558717844946,0,0.2794139509798197,825.0,GREEN (Reliable),"[('Inflation-adjusted credit exposure', 0.308), (""Elevated risk in dealer's territory"", 0.187), ('Cheque bounce history', 0.01)]"
D0217,SM008,Medium,False,Te-Karachi-0217 Traders,Karachi,Reliable,0.0,1.6428571428571428,1.6763879860706166,66063.08468869167,-0.6470588235294118,0.0485033973303768,0.052106245899751005,0,0.12790467375866701,881.0,GREEN (Reliable),"[('Cheque bounce history', 0.01), (""Salesman's track record with similar dealers"", -0.004), (""Elevated risk in dealer's territory"", -0.068)]"
D0218,SM007,Medium,False,Ph-Karachi-0218 Traders,Karachi,Reliable,0.0,2.25,1.7986923354612536,77970.10445957995,0.8333333333333334,0.031461751367213554,0.052106245899751005,0,0.1580727843110872,866.0,GREEN (Reliable),"[('Cheque bounce history', 0.01), (""Salesman's track record with similar dealers"", 0.009), ('Declining order activity', -0.043)]"
D0219,SM003,Medium,False,Ph-Karachi-0219 Traders,Karachi,Reliable,0.0,0.5,0.9374368665610922,263855.6158589572,2.0,0.05087287953630459,0.052106245899751005,0,0.1684028551249251,862.0,GREEN (Reliable),"[('Inflation-adjusted credit exposure', 0.12), ('Declining order activity', 0.022), ('Cheque bounce history', 0.01)]"
D0220,SM005,High,False,Ph-InteriorSindh-0220 Traders,Interior Sindh,Reliable,0.0,2.5,1.4433756729740645,274898.73808016937,-0.2857142857142857,0.025015859380840076,0.0704023655478718,0,0.19824285974824127,851.0,GREEN (Reliable),"[('Inflation-adjusted credit exposure', 0.147), (""Salesman's track record with similar dealers"", 0.014), ('Cheque bounce history', 0.01)]"
