dealer_id,dealer_name,salesman_id,territory_risk_tier,bounce_rate_lifetime,avg_days_late_nonseasonal,payment_volatility,real_exposure_pkr,order_frequency_trend,salesman_default_rate_loo,territory_default_rate_loo,payment_delay_severity,risk_probability,credit_score,risk_flag
D0001,FM-Islamabad-0001 Traders,SM001,Low,0.0,1.0,1.224744871391589,25078.103647431464,-0.1111111111111111,0.0706134128183214,0.017698558717844946,-0.7026973933837966,0.09430547826344608,900.0,GREEN (Reliable)
D0002,Te-Lahore-0002 Traders,SM007,Low,0.0,1.6,1.6733200530681511,309052.38708507887,5.0,0.031461751367213554,0.017698558717844946,-0.6257419807906017,0.35117019633536006,805.0,GREEN (Reliable)
D0003,FM-Karachi-0003 Traders,SM001,Medium,0.0,10.909090909090908,5.7005116729407135,165814.35866354665,14.0,0.0706134128183214,0.052106245899751005,0.26005140648080716,0.6429203449986354,736.0,GREEN (Reliable)
D0004,Ph-Rawalpindi-0004 Traders,SM003,Low,0.0,2.75,1.9086270308410553,87062.06681778381,8.0,0.05087287953630459,0.017698558717844946,-0.5438694573226244,0.24723528589840552,834.0,GREEN (Reliable)
D0005,FM-Lahore-0005 Traders,SM001,Low,0.07407407407407407,1.7,1.8092355660149217,404800.6504444943,0.45454545454545453,0.06752699306523498,0.01668384537436448,-0.6064894503973446,0.22619954204042156,841.0,GREEN (Reliable)
D0006,Ph-InteriorSindh-0006 Traders,SM008,High,0.0,1.9444444444444444,1.7559422921421233,307956.5119322884,-0.3333333333333333,0.0485033973303768,0.0704023655478718,-0.5999435694038195,0.2084585405530803,847.0,GREEN (Reliable)
D0007,Ph-Karachi-0007 Traders,SM001,Medium,0.2608695652173913,35.36363636363637,11.740766083833462,379868.53218388226,-0.08333333333333333,0.05974384760093009,0.049621773850061564,2.1099821849530045,0.9928581656072947,485.0,RED (High Risk)
D0008,FM-Karachi-0008 Traders,SM003,Medium,0.058823529411764705,2.25,1.7594980344783944,33702.30082427175,-0.1111111111111111,0.0489120952225791,0.05154602181011515,-0.5843867371169967,0.14628772595670436,872.0,GREEN (Reliable)
D0009,Te-InteriorPunjab-0009 Traders,SM002,Medium,0.058823529411764705,1.6538461538461537,1.6546610607029015,30330.69607053402,-0.5217391304347826,0.0360618368559545,0.05154602181011515,-0.6250272399734913,0.16209207924822203,865.0,GREEN (Reliable)
D0010,Te-InteriorPunjab-0010 Traders,SM006,Medium,0.0,10.4,5.734002779802943,376731.8491063213,2.0,0.04057246715117146,0.052106245899751005,0.23827412627653843,0.7461780653768657,708.0,GREEN (Reliable)
D0011,Ph-Faisalabad-0011 Traders,SM006,Medium,0.03571428571428571,10.869565217391305,6.085806194501846,370089.7079242989,-0.35294117647058826,0.039296956947089824,0.051766109845329235,0.2985783496791494,0.7565281555834906,704.0,GREEN (Reliable)
D0012,Te-Faisalabad-0012 Traders,SM006,Medium,0.07142857142857142,6.636363636363637,6.345804186171424,506909.7374716513,0.0,0.03802144674300819,0.05142597379090747,0.11555262466796219,0.7318207128996945,712.0,GREEN (Reliable)
D0013,Te-Faisalabad-0013 Traders,SM007,Medium,0.0,1.4444444444444444,1.5345938729769368,48838.51080312985,0.4444444444444444,0.031461751367213554,0.052106245899751005,-0.6480504607877366,0.1791389811700912,858.0,GREEN (Reliable)
D0014,FM-Karachi-0014 Traders,SM008,Medium,0.0,1.4285714285714286,1.5222649416526253,467743.5868573815,0.125,0.0485033973303768,0.052106245899751005,-0.6501348559124683,0.26425741265797575,829.0,GREEN (Reliable)
D0015,FM-Multan-0015 Traders,SM006,Medium,0.05263157894736842,8.0,6.248659987068182,176983.26599429347,-0.5384615384615384,0.03869276790305116,0.051604992766918927,0.17310318142599637,0.6126922995305039,743.0,GREEN (Reliable)
D0016,Ph-Rawalpindi-0016 Traders,SM004,Low,0.08333333333333333,8.7,5.359782899266791,508841.33991219464,0.18181818181818182,0.05357010863589812,0.01655700620642942,0.11447342614214757,0.7109782265184711,718.0,GREEN (Reliable)
D0017,Ph-Lahore-0017 Traders,SM005,Low,0.0,1.7083333333333333,1.6696942198734437,428100.3444947522,-0.45454545454545453,0.025015859380840076,0.017698558717844946,-0.6207399043787394,0.3908784959971408,796.0,GREEN (Reliable)
D0018,Te-Gujranwala-0018 Traders,SM006,Medium,0.034482758620689655,2.0588235294117645,2.0612319735239044,244723.8387735755,0.07142857142857142,0.039340940057575394,0.051777838674792055,-0.5621768362938717,0.24902445302153237,834.0,GREEN (Reliable)
D0019,FM-Faisalabad-0019 Traders,SM006,Medium,0.0,1.7777777777777777,1.9976176286957894,40938.785392063204,21.0,0.04057246715117146,0.052106245899751005,-0.5828273871701386,0.30678303387837685,817.0,GREEN (Reliable)
D0020,FM-InteriorSindh-0020 Traders,SM003,High,0.041666666666666664,10.0625,7.2354528991713085,37796.19892955709,2.0,0.049483990647415696,0.06933398947949573,0.37929253982929084,0.6148118039843133,743.0,GREEN (Reliable)
D0021,Te-Rawalpindi-0021 Traders,SM005,Low,0.0,2.1538461538461537,1.4992061391346578,41997.67995352582,21.0,0.025015859380840076,0.017698558717844946,-0.6165189896591571,0.3948851827758384,795.0,GREEN (Reliable)
D0022,Ph-Lahore-0022 Traders,SM004,Low,0.02631578947368421,1.3870967741935485,1.5387877916944455,96202.28638210609,-0.5384615384615384,0.05642098582888057,0.01733806845108215,-0.6504593422036091,0.1467449566406894,872.0,GREEN (Reliable)
D0023,FM-Lahore-0023 Traders,SM006,Low,0.0,1.2352941176470589,1.88048714009375,32111.35874448775,-0.4,0.04057246715117146,0.017698558717844946,-0.622092938688256,0.18003697469191138,857.0,GREEN (Reliable)
D0024,FM-Rawalpindi-0024 Traders,SM008,Low,0.0,2.4,2.3754698783308417,114346.32308708082,0.0,0.0485033973303768,0.017698558717844946,-0.512200088941548,0.22626575527811502,841.0,GREEN (Reliable)
D0025,Te-Peshawar-0025 Traders,SM006,High,0.1,36.5,13.007476482563574,32076.483627937425,-0.3333333333333333,0.037001038579742886,0.06783826298376923,2.2995683332052694,0.9937024717724202,478.0,RED (High Risk)
D0026,Ph-Lahore-0026 Traders,SM008,Low,0.0,2.235294117647059,1.739670953500985,245728.1730077164,-0.13333333333333333,0.0485033973303768,0.017698558717844946,-0.5872011250632179,0.2407008230845653,836.0,GREEN (Reliable)
D0027,Te-InteriorPunjab-0027 Traders,SM005,Medium,0.0,9.090909090909092,6.393652154972765,37652.721534209864,0.4,0.025015859380840076,0.052106245899751005,0.24254818427454683,0.6562871440844623,733.0,GREEN (Reliable)
D0028,FM-Karachi-0028 Traders,SM008,Medium,0.3333333333333333,28.8,14.714872494434754,29743.196751632266,-0.5,0.0384023872293667,0.048931642725147835,2.09638476777934,0.9897181173906712,506.0,RED (High Risk)
D0029,Te-InteriorSindh-0029 Traders,SM001,High,0.0,1.2307692307692308,1.6433517087676872,302812.97695184697,0.0,0.0706134128183214,0.0704023655478718,-0.6472385821625748,0.13576388827894198,877.0,GREEN (Reliable)
D0030,Ph-InteriorSindh-0030 Traders,SM001,High,0.1,30.0,14.741453711094435,302901.48627686553,20.0,0.06644674615165473,0.06783826298376923,2.158806608024497,0.9957513188600644,455.0,RED (High Risk)
D0031,FM-Rawalpindi-0031 Traders,SM002,Low,0.08333333333333333,8.666666666666666,5.567569981404409,184544.66542871608,-0.4,0.03508144469909176,0.01655700620642942,0.1346536347820219,0.6515054023451327,734.0,GREEN (Reliable)
D0032,FM-Islamabad-0032 Traders,SM001,Low,0.0,1.95,1.8239152027072603,357247.57944977714,-0.3333333333333333,0.0706134128183214,0.017698558717844946,-0.5925241706677954,0.20488932658412198,848.0,GREEN (Reliable)
D0033,FM-InteriorPunjab-0033 Traders,SM003,Medium,0.0,1.8888888888888888,1.7827331970381497,27001.37667744042,-0.14285714285714285,0.05087287953630459,0.052106245899751005,-0.599888660107019,0.13789105668702736,876.0,GREEN (Reliable)
D0034,Ph-InteriorPunjab-0034 Traders,SM003,Medium,0.2,22.125,14.691469828246788,43887.258172794056,10.0,0.04420621286963792,0.050201483994989096,1.7622424191507693,0.9841361537433977,532.0,RED (High Risk)
D0035,Ph-Karachi-0035 Traders,SM006,Medium,0.0625,21.333333333333332,14.332779612781724,438634.1942684621,16.0,0.0383403242940286,0.05151100780451291,1.685209128304467,0.9939134524198203,476.0,RED (High Risk)
D0036,Te-Multan-0036 Traders,SM005,Medium,0.034482758620689655,1.565217391304348,2.2167591578746584,119555.98410158012,-0.6818181818181818,0.023903512328559768,0.051777838674792055,-0.5703597793456912,0.2473803737373745,834.0,GREEN (Reliable)
D0037,FM-Multan-0037 Traders,SM001,Medium,0.29411764705882354,30.8,16.63762621471603,25670.905022253908,0.42857142857142855,0.05835851085753708,0.04930512545157174,2.397829540931321,0.9928788489831099,485.0,RED (High Risk)
D0038,Te-Gujranwala-0038 Traders,SM008,Medium,0.16129032258064516,27.333333333333332,14.455502013473572,304132.05837416934,-0.2777777777777778,0.04361581179762997,0.050570147589459144,1.9962481161093257,0.9921620857872627,491.0,RED (High Risk)
D0039,Ph-InteriorSindh-0039 Traders,SM003,High,0.25806451612903225,32.6875,13.71419160517306,179111.48353049098,-0.6521739130434783,0.042270728998670175,0.0637853266727684,2.1843933591345883,0.9929008908128378,485.0,RED (High Risk)
D0040,FM-Lahore-0040 Traders,SM006,Low,0.0,1.8181818181818181,1.7000000000000002,561730.4717677601,0.7777777777777778,0.04057246715117146,0.017698558717844946,-0.6120966323086421,0.4008410233993067,793.0,GREEN (Reliable)
D0041,Te-Karachi-0041 Traders,SM003,Medium,0.03125,1.9,1.3536092732085316,121191.01949834987,-0.2222222222222222,0.04983121286963792,0.05180862685213196,-0.6444336089849734,0.14890131021801734,871.0,GREEN (Reliable)
D0042,FM-Multan-0042 Traders,SM002,Medium,0.0,2.2666666666666666,2.1143765594836976,278285.70218752103,0.42857142857142855,0.038414778032425094,0.052106245899751005,-0.5462640247940159,0.27689127851245654,825.0,GREEN (Reliable)
D0043,Te-Peshawar-0043 Traders,SM008,High,0.05714285714285714,9.708333333333334,5.828190373546752,31506.48209498523,0.3333333333333333,0.04677179559877507,0.06893716408267034,0.21380325149978072,0.5141402497078265,767.0,GREEN (Reliable)
D0044,Te-InteriorPunjab-0044 Traders,SM001,Medium,0.0,2.5384615384615383,2.2954805094425805,44511.63371695909,13.0,0.0706134128183214,0.052106245899751005,-0.5137260527072369,0.18396579188730844,856.0,GREEN (Reliable)
D0045,Ph-Lahore-0045 Traders,SM008,Low,0.0,1.4615384615384615,1.8104634152000358,27045.424464080446,0.4666666666666667,0.0485033973303768,0.017698558717844946,-0.6182096465406639,0.16350085306388454,864.0,GREEN (Reliable)
D0046,Te-Faisalabad-0046 Traders,SM002,Medium,0.12121212121212122,9.55,7.25384219575979,226183.7388185209,-0.16666666666666666,0.03356629318394024,0.05095184474534985,0.35575879638867636,0.7443347344924186,708.0,GREEN (Reliable)
D0047,Ph-Faisalabad-0047 Traders,SM005,Medium,0.0,1.4166666666666667,1.3407911089057825,161631.52910126702,-0.07142857142857142,0.025015859380840076,0.052106245899751005,-0.6697976745651262,0.22286996779009857,842.0,GREEN (Reliable)
D0048,Ph-Karachi-0048 Traders,SM008,Medium,0.0,1.9,1.1435437497937313,31816.124738298327,-0.5555555555555556,0.0485033973303768,0.052106245899751005,-0.6665096055687765,0.12459914016515342,882.0,GREEN (Reliable)
D0049,FM-Lahore-0049 Traders,SM003,Low,0.07142857142857142,9.3,5.402990624858393,84959.22778990422,14.0,0.04849192715535221,0.01672008513663164,0.148828366129251,0.6758794910514275,728.0,GREEN (Reliable)
D0050,FM-Peshawar-0050 Traders,SM006,High,0.0,1.894736842105263,1.6594044679962139,77631.93255873206,1.0,0.04057246715117146,0.0704023655478718,-0.6125588132467192,0.16449152910975737,864.0,GREEN (Reliable)
D0051,Te-InteriorPunjab-0051 Traders,SM006,Medium,0.03333333333333333,10.333333333333334,4.80993430103734,103974.86422259799,-0.23529411764705882,0.039381990960695265,0.051788785582290685,0.13785015433079287,0.5587368815111258,756.0,GREEN (Reliable)
D0052,Ph-Karachi-0052 Traders,SM007,Medium,0.07142857142857142,27.636363636363637,13.473145179416758,416567.92546821584,14.0,0.028060390822995867,0.05142597379090747,1.9080689260944217,0.9966184968858763,442.0,RED (High Risk)
D0053,Te-Lahore-0053 Traders,SM008,Low,0.0,10.642857142857142,5.10817057207437,443908.754995848,14.0,0.0485033973303768,0.017698558717844946,0.1845724428298396,0.8247178941307777,681.0,AMBER (Moderate)
D0054,FM-Islamabad-0054 Traders,SM005,Low,0.0,2.0714285714285716,1.8750438591361565,411841.93566310307,4.666666666666667,0.025015859380840076,0.017698558717844946,-0.5811171833388526,0.4503077157428372,781.0,GREEN (Reliable)
D0055,Te-InteriorSindh-0055 Traders,SM002,High,0.11764705882352941,9.6,4.389381125701739,113049.05672516809,-0.45454545454545453,0.033708895679483916,0.06738577429598643,0.05721422543644142,0.5132593164250393,767.0,GREEN (Reliable)
D0056,Ph-InteriorSindh-0056 Traders,SM006,High,0.0625,1.3636363636363635,1.2344267996967353,342375.3823854336,0.2857142857142857,0.0383403242940286,0.0687998014453077,-0.6836106996677619,0.22016852879892004,843.0,GREEN (Reliable)
D0057,Te-Islamabad-0057 Traders,SM008,Low,0.2857142857142857,26.083333333333332,14.89327109165491,37347.101352015125,0.625,0.03984538867236814,0.01378466439299172,1.980140797767303,0.9892623321386746,509.0,RED (High Risk)
D0058,FM-Karachi-0058 Traders,SM002,Medium,0.0,26.2,13.26698546112893,169916.22242070443,-0.17647058823529413,0.038414778032425094,0.052106245899751005,1.815030014365523,0.9866369951193419,522.0,RED (High Risk)
D0059,Te-Rawalpindi-0059 Traders,SM001,Low,0.0,2.5454545454545454,1.9752253419585197,41860.99151545732,12.0,0.0706134128183214,0.017698558717844946,-0.547034504712768,0.19293376353603853,853.0,GREEN (Reliable)
D0060,FM-Lahore-0060 Traders,SM006,Low,0.0,10.538461538461538,4.73990154609425,45557.39856805922,-0.2222222222222222,0.04057246715117146,0.017698558717844946,0.14068322964158514,0.5727218542485769,753.0,GREEN (Reliable)
D0061,Te-Karachi-0061 Traders,SM005,Medium,0.0,1.8666666666666667,1.7226756328550041,168903.7264529956,-0.05,0.025015859380840076,0.052106245899751005,-0.6073043992836864,0.25193060547359536,833.0,GREEN (Reliable)
D0062,FM-Lahore-0062 Traders,SM003,Low,0.0,1.6666666666666667,1.69085018821135,65278.11762483594,0.16666666666666666,0.05087287953630459,0.017698558717844946,-0.6205870327740091,0.16564649755779293,863.0,GREEN (Reliable)
D0063,FM-Karachi-0063 Traders,SM004,Medium,0.0,1.4545454545454546,1.713446070320696,308123.8791176758,-0.7,0.05773677530256478,0.052106245899751005,-0.6287527814481346,0.1838650798353159,856.0,GREEN (Reliable)
D0064,FM-Gujranwala-0064 Traders,SM002,Medium,0.1111111111111111,9.142857142857142,4.882549100038393,288289.3549641721,7.0,0.03397033358798065,0.05104804484154995,0.08632616409875882,0.6937030428229117,723.0,GREEN (Reliable)
D0065,Te-Karachi-0065 Traders,SM006,Medium,0.0,2.5,1.855921454276674,643806.1947667866,9.0,0.04057246715117146,0.052106245899751005,-0.5618309212192132,0.49894423657044246,770.0,GREEN (Reliable)
D0066,Ph-Islamabad-0066 Traders,SM001,Low,0.125,8.909090909090908,7.399138649008596,35545.45700945386,-0.4,0.06540507948498807,0.01598622995072166,0.33918116351192407,0.5585081677430759,756.0,GREEN (Reliable)
D0067,FM-Lahore-0067 Traders,SM006,Low,0.0,1.3448275862068966,2.033805211017918,36504.49779976815,0.26666666666666666,0.04057246715117146,0.017698558717844946,-0.6005378348406117,0.19259405100851368,853.0,GREEN (Reliable)
D0068,Ph-Rawalpindi-0068 Traders,SM003,Low,0.0,1.3333333333333333,1.2485285456935955,570031.7333599847,0.5714285714285714,0.05087287953630459,0.017698558717844946,-0.683634500547889,0.32087327848181535,813.0,GREEN (Reliable)
D0069,FM-InteriorPunjab-0069 Traders,SM002,Medium,0.06666666666666667,31.76923076923077,14.29612258198428,25214.731104168608,-0.3333333333333333,0.03574811136575842,0.05147132526483037,2.199919970045235,0.992860423293389,485.0,RED (High Risk)
D0070,Te-Karachi-0070 Traders,SM003,Medium,0.21212121212121213,28.41176470588235,15.47648340100355,230718.82616729272,-0.5652173913043478,0.04380217246559751,0.050086043879548986,2.157131682883511,0.9935742899366005,479.0,RED (High Risk)
D0071,FM-InteriorPunjab-0071 Traders,SM005,Medium,0.05555555555555555,11.916666666666666,8.544434032817882,208655.35892603433,-0.6153846153846154,0.023223744685499575,0.05157714537065047,0.6089888299860906,0.8603645791911392,665.0,AMBER (Moderate)
D0072,Te-Lahore-0072 Traders,SM006,Low,0.05555555555555555,2.48,1.8473375358822495,372255.48995888734,0.7692307692307693,0.038588340167044474,0.016937523710234596,-0.5637268203729671,0.34440047675053553,807.0,GREEN (Reliable)
D0073,FM-Karachi-0073 Traders,SM003,Medium,0.1,33.857142857142854,13.169830843425606,308123.8791176758,0.0,0.04753954620297125,0.05115386494737006,2.185305877742292,0.9947543759725095,467.0,RED (High Risk)
D0074,FM-Islamabad-0074 Traders,SM008,Low,0.0,2.090909090909091,1.5782614139961386,37003.729573839875,0.75,0.0485033973303768,0.017698558717844946,-0.611338354815895,0.16987598099065682,861.0,GREEN (Reliable)
D0075,Te-InteriorPunjab-0075 Traders,SM004,Medium,0.0,1.5625,1.8128843613430887,100804.13971660784,0.1111111111111111,0.05773677530256478,0.052106245899751005,-0.6129384149269883,0.1376632898977035,876.0,GREEN (Reliable)
D0076,Te-Karachi-0076 Traders,SM007,Medium,0.0,1.3333333333333333,2.0579830217101063,344663.75665776886,-0.2,0.031461751367213554,0.052106245899751005,-0.5985681176555427,0.30059081125657366,819.0,GREEN (Reliable)
D0077,FM-Multan-0077 Traders,SM008,Medium,0.0,12.105263157894736,5.780914489249587,54385.54007489618,-0.35714285714285715,0.0485033973303768,0.052106245899751005,0.3279392104122803,0.602935870964464,746.0,GREEN (Reliable)
D0078,Ph-Rawalpindi-0078 Traders,SM007,Low,0.0,1.0625,1.5949481650269413,200650.42167993326,-0.5384615384615384,0.031461751367213554,0.017698558717844946,-0.6606867123887139,0.24805758743818263,834.0,GREEN (Reliable)
D0079,FM-InteriorPunjab-0079 Traders,SM008,Medium,0.0,1.8,1.970368732287556,407227.23412567214,0.0,0.0485033973303768,0.052106245899751005,-0.5845867715188744,0.26980033985856916,827.0,GREEN (Reliable)
D0080,Ph-Rawalpindi-0080 Traders,SM008,Low,0.05555555555555555,37.642857142857146,15.568161325565185,121454.69232701804,-0.36363636363636365,0.046819895646875116,0.016937523710234596,2.6254622183292136,0.997745758211257,418.0,RED (High Risk)
D0081,Ph-Peshawar-0081 Traders,SM003,High,0.0,1.5,2.1054093516491506,217333.61514186615,-0.1,0.05087287953630459,0.0704023655478718,-0.585302315743913,0.18020829604598773,857.0,GREEN (Reliable)
D0082,Te-Islamabad-0082 Traders,SM003,Low,0.0,1.3333333333333333,0.9962049198956218,293664.47334475187,12.0,0.05087287953630459,0.017698558717844946,-0.7101514435025387,0.27933759475123515,825.0,GREEN (Reliable)
D0083,Ph-Gujranwala-0083 Traders,SM007,Medium,0.2,34.0,15.500597360054176,187985.4772592712,-0.15789473684210525,0.021937941843404026,0.050201483994989096,2.4373470873696856,0.9976026655013852,422.0,RED (High Risk)
D0084,FM-Lahore-0084 Traders,SM003,Low,0.0625,1.6153846153846154,1.5675276256394517,361739.9594496362,-0.6666666666666666,0.048789546202971254,0.016842394334283303,-0.6360953465316097,0.25444220918887517,832.0,GREEN (Reliable)
D0085,Te-Faisalabad-0085 Traders,SM002,Medium,0.0,1.9583333333333333,1.7525491637693282,362724.0146673937,-0.47368421052631576,0.038414778032425094,0.052106245899751005,-0.5996100132248141,0.27900197016594636,825.0,GREEN (Reliable)
D0086,FM-InteriorSindh-0086 Traders,SM002,High,0.0625,28.916666666666668,13.442292888314777,47788.54636975781,-0.5454545454545454,0.03591477803242509,0.0687998014453077,1.9684453053041202,0.9871576103357982,519.0,RED (High Risk)
D0087,Te-Faisalabad-0087 Traders,SM007,Medium,0.0,2.347826086956522,2.1530136971918146,408055.4330255124,5.25,0.031461751367213554,0.052106245899751005,-0.5381707710240855,0.40554518107205045,792.0,GREEN (Reliable)
D0088,Te-Karachi-0088 Traders,SM007,Medium,0.0625,9.304347826086957,5.124204451850825,24712.89608716608,-0.2222222222222222,0.028485560891023075,0.05151100780451291,0.1197464924463888,0.5572120334001868,757.0,GREEN (Reliable)
D0089,FM-InteriorPunjab-0089 Traders,SM002,Medium,0.0,1.2,1.0787197799411876,43815.78077421306,11.0,0.038414778032425094,0.052106245899751005,-0.7081052511431354,0.1945231937658745,852.0,GREEN (Reliable)
D0090,FM-Karachi-0090 Traders,SM001,Medium,0.02702702702702703,1.103448275862069,1.5306394555404426,531157.8541578803,-0.05263157894736842,0.06948728669219527,0.05184884564235075,-0.665410245924275,0.20814890581340695,847.0,GREEN (Reliable)
D0091,Te-Karachi-0091 Traders,SM004,Medium,0.0,2.217391304347826,1.5737428845483836,29727.040797932736,-0.3333333333333333,0.05773677530256478,0.052106245899751005,-0.6055282689446975,0.12193040287811022,884.0,GREEN (Reliable)
D0092,FM-Faisalabad-0092 Traders,SM008,Medium,0.0,1.5454545454545454,1.6563785025137654,173272.47446637752,-0.375,0.0485033973303768,0.052106245899751005,-0.6302327668570489,0.17099767417191283,861.0,GREEN (Reliable)
D0093,Te-Rawalpindi-0093 Traders,SM003,Low,0.0,1.25,1.127493605332358,296711.7475687848,18.0,0.05087287953630459,0.017698558717844946,-0.7004950445083806,0.3310335325964828,811.0,GREEN (Reliable)
D0094,Ph-Islamabad-0094 Traders,SM005,Low,0.0,1.4482758620689655,1.5387877916944455,56739.91762987315,-0.3181818181818182,0.025015859380840076,0.017698558717844946,-0.6474193332643498,0.22512594802107855,841.0,GREEN (Reliable)
D0095,Ph-Gujranwala-0095 Traders,SM005,Medium,0.23076923076923078,34.0,16.953858951086428,294697.357871263,-0.14285714285714285,0.01757169064634876,0.04990844370194881,2.590071805816938,0.9987328652776749,385.0,RED (High Risk)
D0096,FM-Lahore-0096 Traders,SM001,Low,0.0,2.3214285714285716,1.891203014315154,126231.51653460081,-0.5217391304347826,0.0706134128183214,0.017698558717844946,-0.5669964195273551,0.1467025856490253,872.0,GREEN (Reliable)
D0097,FM-Islamabad-0097 Traders,SM001,Low,0.0,2.25,2.574643252722186,159884.65543155992,-0.2857142857142857,0.0706134128183214,0.017698558717844946,-0.49872230841529264,0.17848868896099954,858.0,GREEN (Reliable)
D0098,Te-Islamabad-0098 Traders,SM003,Low,0.0,12.0,3.642695536169715,101023.45722685373,-0.375,0.05087287953630459,0.017698558717844946,0.09800107483428813,0.5268875381367335,764.0,GREEN (Reliable)
D0099,FM-Karachi-0099 Traders,SM006,Medium,0.0,33.42857142857143,10.039208847599213,277832.4695436331,0.6666666666666666,0.04057246715117146,0.052106245899751005,1.8350098168748061,0.989568532488429,507.0,RED (High Risk)
D0100,Ph-Lahore-0100 Traders,SM005,Low,0.0,9.157894736842104,5.683332169622374,365891.01647521165,-0.25,0.025015859380840076,0.017698558717844946,0.1712284831668094,0.7832310545725695,696.0,AMBER (Moderate)
D0101,Ph-InteriorPunjab-0101 Traders,SM002,Medium,0.0,1.9090909090909092,1.5985190514644287,310307.9479237749,-0.3333333333333333,0.038414778032425094,0.052106245899751005,-0.6182440644518046,0.25133029153151953,833.0,GREEN (Reliable)
D0102,Te-Karachi-0102 Traders,SM006,Medium,0.0,2.0,1.8973665961010278,31643.72725413453,0.0,0.04057246715117146,0.052106245899751005,-0.5823205736562382,0.16974447126938086,862.0,GREEN (Reliable)
D0103,Te-Faisalabad-0103 Traders,SM004,Medium,0.11538461538461539,31.6875,14.96861010707238,81433.91250302734,3.2,0.051967544533334006,0.05100734480084991,2.2665311299401125,0.9933998605518666,481.0,RED (High Risk)
D0104,Te-Karachi-0104 Traders,SM004,Medium,0.2857142857142857,25.4,13.24009063413087,220785.16234659168,-0.25,0.04345106101685049,0.049385157464376855,1.7724513476690817,0.9840335459462491,532.0,RED (High Risk)
D0105,FM-Peshawar-0105 Traders,SM004,High,0.02631578947368421,2.064516129032258,1.674755147717064,262491.7977021897,-0.48,0.05642098582888057,0.06972760171521324,-0.6025092064718762,0.1697333337321632,862.0,GREEN (Reliable)
D0106,FM-Lahore-0106 Traders,SM004,Low,0.0,1.3529411764705883,1.4342743312012722,627573.8010005387,21.0,0.05773677530256478,0.017698558717844946,-0.663139969461619,0.5048931742631171,769.0,GREEN (Reliable)
D0107,Ph-Karachi-0107 Traders,SM002,Medium,0.07142857142857142,9.416666666666666,3.9903730305670577,88589.00969810043,14.0,0.03555763517528224,0.05142597379090747,0.006172170997387691,0.6153543986709165,743.0,GREEN (Reliable)
D0108,Ph-Lahore-0108 Traders,SM007,Low,0.03125,2.217391304347826,1.827507851210648,198374.02978973888,-0.11764705882352941,0.029973656129118315,0.017270476526064123,-0.5788598540327322,0.29128347148876027,821.0,GREEN (Reliable)
D0109,Ph-InteriorSindh-0109 Traders,SM003,High,0.0,8.928571428571429,6.263808275933025,39668.79372728553,2.25,0.05087287953630459,0.0704023655478718,0.22083614909514074,0.523691228769844,764.0,GREEN (Reliable)
D0110,FM-Islamabad-0110 Traders,SM004,Low,0.0,2.45,1.823001188516709,250508.67123604353,-0.07692307692307693,0.05773677530256478,0.017698558717844946,-0.5677750613687574,0.22051715889396706,843.0,GREEN (Reliable)
D0111,Ph-Gujranwala-0111 Traders,SM006,Medium,0.03125,1.68,1.5394455083302816,237389.90516957978,-0.3157894736842105,0.03945639572260003,0.05180862685213196,-0.6358357647591798,0.21333749403599575,845.0,GREEN (Reliable)
D0112,FM-Karachi-0112 Traders,SM003,Medium,0.0,1.1818181818181819,1.6620770138594663,211738.87104460178,-0.4,0.05087287953630459,0.052106245899751005,-0.6477031147412211,0.16969933535421847,862.0,GREEN (Reliable)
D0113,Ph-Lahore-0113 Traders,SM008,Low,0.1,33.857142857142854,10.333333333333332,83494.84876102595,8.0,0.04547309430007376,0.016328695704146315,1.887215508961905,0.9901624784267451,504.0,RED (High Risk)
D0114,Te-InteriorSindh-0114 Traders,SM008,High,0.09090909090909091,10.307692307692308,4.807888255116191,159884.65543155992,-0.3076923076923077,0.04574857639373768,0.06807136321686946,0.13636102233976147,0.5296765106732143,763.0,GREEN (Reliable)
D0115,Te-Karachi-0115 Traders,SM008,Medium,0.0,1.2307692307692308,1.6605279103876789,26680.544075232527,-0.45454545454545453,0.0485033973303768,0.052106245899751005,-0.6454335179039485,0.12931351911976577,880.0,GREEN (Reliable)
D0116,Ph-Faisalabad-0116 Traders,SM008,Medium,0.0,2.3636363636363638,2.134231724753677,172804.66451607973,14.0,0.0485033973303768,0.052106245899751005,-0.5393589695158709,0.2992058440408671,819.0,GREEN (Reliable)
D0117,Ph-Faisalabad-0117 Traders,SM004,Medium,0.0,1.4,1.3789543689024493,26050.27005336617,0.4,0.05773677530256478,0.052106245899751005,-0.6666152314206772,0.10934744596616831,891.0,GREEN (Reliable)
D0118,Ph-Karachi-0118 Traders,SM002,Medium,0.0,1.4814814814814814,1.953047346941169,236231.9112462332,0.5384615384615384,0.038414778032425094,0.052106245899751005,-0.6022343829193264,0.2369342686542976,837.0,GREEN (Reliable)
D0119,FM-Peshawar-0119 Traders,SM006,High,0.16666666666666666,31.666666666666668,13.736291868103061,119361.26811602627,0.25,0.034620086198790506,0.06612886127436753,2.1359903548361356,0.9926341025838683,487.0,RED (High Risk)
D0120,Ph-Gujranwala-0120 Traders,SM008,Medium,0.0,1.0,1.2292725943057183,294943.70303657174,10.0,0.0485033973303768,0.052106245899751005,-0.7022215704407458,0.24373696967558198,835.0,GREEN (Reliable)
D0121,Ph-InteriorPunjab-0121 Traders,SM002,Medium,0.0,10.0,4.933842623179526,268404.81004154985,-0.5,0.038414778032425094,0.052106245899751005,0.13430836155907286,0.6391704645804475,737.0,GREEN (Reliable)
D0122,FM-Peshawar-0122 Traders,SM003,High,0.0,10.0,5.202317038022824,270748.29567871697,-0.375,0.05087287953630459,0.0704023655478718,0.16252260713622965,0.5798510084531978,751.0,GREEN (Reliable)
D0123,FM-Multan-0123 Traders,SM004,Medium,0.0,2.1875,1.5893847208431549,536378.0219151729,0.25,0.05773677530256478,0.052106245899751005,-0.6053697613927356,0.278906902041948,825.0,GREEN (Reliable)
D0124,Te-Karachi-0124 Traders,SM007,Medium,0.0,0.75,1.1821319289469756,65420.141893593805,-0.7,0.031461751367213554,0.052106245899751005,-0.7195982122362693,0.15484404820003472,868.0,GREEN (Reliable)
D0125,Ph-InteriorSindh-0125 Traders,SM005,High,0.2,31.136363636363637,14.883058650109819,297917.1731412651,-0.42105263157894735,0.01856424647761427,0.06527416041966666,2.230154294860916,0.9967998200070971,439.0,RED (High Risk)
D0126,Te-Lahore-0126 Traders,SM001,Low,0.05128205128205128,1.7741935483870968,1.7561560534542722,178431.56200765137,-0.375,0.06847666068156925,0.01699606486466616,-0.6083809278693122,0.15143286979772602,869.0,GREEN (Reliable)
D0127,FM-Rawalpindi-0127 Traders,SM007,Low,0.0,2.7777777777777777,2.083070158815998,381469.24334379047,-0.2727272727272727,0.031461751367213554,0.017698558717844946,-0.5241567671232887,0.39566242064898605,794.0,GREEN (Reliable)
D0128,Ph-Lahore-0128 Traders,SM002,Low,0.0,2.1666666666666665,1.9364916731037085,133424.69252615972,-0.5,0.038414778032425094,0.017698558717844946,-0.5699271587431289,0.23906689073740447,837.0,GREEN (Reliable)
D0129,FM-Lahore-0129 Traders,SM005,Low,0.0,2.1904761904761907,1.422722014672748,57923.57573348603,-0.5714285714285714,0.025015859380840076,0.017698558717844946,-0.6227366244918435,0.23409505000790248,838.0,GREEN (Reliable)
D0130,FM-Karachi-0130 Traders,SM008,Medium,0.2222222222222222,11.666666666666666,5.879747322073336,70437.29934266569,-0.2,0.04176939059637006,0.049989843783348885,0.31653164847829557,0.6190789781091217,742.0,GREEN (Reliable)
D0131,FM-Rawalpindi-0131 Traders,SM006,Low,0.030303030303030304,1.375,1.3912166872805047,215803.93608425886,-0.5,0.03949021606892038,0.017283448713693847,-0.6665688302796905,0.22302533497680302,842.0,GREEN (Reliable)
D0132,Te-Rawalpindi-0132 Traders,SM003,Low,0.027777777777777776,2.129032258064516,1.9415838635401934,246798.58772778057,0.25,0.04994695361037867,0.01731804121403977,-0.5712620814469653,0.24410465114308583,835.0,GREEN (Reliable)
D0133,Te-Gujranwala-0133 Traders,SM007,Medium,0.0,1.8235294117647058,1.416279616889396,32674.545588131266,-0.7333333333333333,0.031461751367213554,0.052106245899751005,-0.6416473683062756,0.17056499671911163,861.0,GREEN (Reliable)
D0134,FM-Peshawar-0134 Traders,SM008,High,0.0,1.7619047619047619,1.786768122219737,211508.90824967079,0.0,0.0485033973303768,0.0704023655478718,-0.6057745086843433,0.17846575735194964,858.0,GREEN (Reliable)
D0135,Ph-Lahore-0135 Traders,SM004,Low,0.0,1.8333333333333333,1.822518197617012,235847.169907159,-0.5454545454545454,0.05773677530256478,0.017698558717844946,-0.5984681882598261,0.20101021301477434,850.0,GREEN (Reliable)
D0136,Ph-Karachi-0136 Traders,SM005,Medium,0.0,2.357142857142857,1.6396358733271998,331934.6088071854,-0.8,0.025015859380840076,0.052106245899751005,-0.5916592081653614,0.3194897266776082,814.0,GREEN (Reliable)
D0137,Ph-InteriorSindh-0137 Traders,SM004,High,0.13333333333333333,15.076923076923077,10.641597142515296,367233.2456932309,-0.5,0.051070108635898115,0.06698356212906838,0.9864159823450276,0.9163754040822022,632.0,AMBER (Moderate)
D0138,Te-Faisalabad-0138 Traders,SM003,Medium,0.0,1.5588235294117647,1.7201012243196958,51397.63136301566,0.5333333333333333,0.05087287953630459,0.052106245899751005,-0.6228717729017541,0.14017683905315895,875.0,GREEN (Reliable)
D0139,Te-Rawalpindi-0139 Traders,SM008,Low,0.0,9.8,6.1539392052518265,111705.79843580147,-0.6666666666666666,0.0485033973303768,0.017698558717844946,0.25259146972734525,0.6276219906255616,740.0,GREEN (Reliable)
D0140,Te-Lahore-0140 Traders,SM005,Low,0.0,1.7419354838709677,1.545023227719748,550849.8685398464,0.46153846153846156,0.025015859380840076,0.017698558717844946,-0.6321720021289007,0.45157976948263334,781.0,GREEN (Reliable)
D0141,Te-Karachi-0141 Traders,SM008,Medium,0.0,1.619047619047619,1.756307314969503,28139.685102211697,-0.14285714285714285,0.0485033973303768,0.052106245899751005,-0.6160742837515101,0.13888436881798222,875.0,GREEN (Reliable)
D0142,FM-Rawalpindi-0142 Traders,SM008,Low,0.0,2.142857142857143,1.8257418583505538,32639.05881241797,0.0,0.0485033973303768,0.017698558717844946,-0.5827490709207535,0.1742868577103996,860.0,GREEN (Reliable)
D0143,Te-Faisalabad-0143 Traders,SM006,Medium,0.0,2.32,2.126635992632799,259654.85114560084,-0.2777777777777778,0.04057246715117146,0.052106245899751005,-0.5423255178431031,0.2586693581465395,831.0,GREEN (Reliable)
D0144,Ph-InteriorSindh-0144 Traders,SM005,High,0.0,2.0,1.5511559096637113,397335.0607818676,1.1111111111111112,0.025015859380840076,0.0704023655478718,-0.6187042019966887,0.3284429076358201,811.0,GREEN (Reliable)
D0145,Ph-Lahore-0145 Traders,SM005,Low,0.1,10.130434782608695,5.4207578238301135,324974.96701696375,-0.42105263157894735,0.021790052929227175,0.016328695704146315,0.19196011556842374,0.7819650374797362,696.0,AMBER (Moderate)
D0146,Ph-Rawalpindi-0146 Traders,SM003,Low,0.0,2.3333333333333335,2.0232168923292906,418837.419885144,14.0,0.05087287953630459,0.017698558717844946,-0.5525313971335256,0.43511076261453907,785.0,GREEN (Reliable)
D0147,Ph-Karachi-0147 Traders,SM004,Medium,0.07407407407407407,2.764705882352941,1.9731531449264992,344614.94530068384,0.07692307692307693,0.05403307159886108,0.051400778527616965,-0.5363576031470506,0.24432725559016916,835.0,GREEN (Reliable)
D0148,FM-Gujranwala-0148 Traders,SM005,Medium,0.0,2.111111111111111,1.378954368902449,170288.143697056,12.0,0.025015859380840076,0.052106245899751005,-0.6312798871117418,0.32999869637144624,811.0,GREEN (Reliable)
D0149,Te-Lahore-0149 Traders,SM005,Low,0.0,1.6818181818181819,1.6412033350858064,45212.176000000014,-0.3157894736842105,0.025015859380840076,0.017698558717844946,-0.6250515866158461,0.23028628105161256,840.0,GREEN (Reliable)
D0150,FM-Lahore-0150 Traders,SM001,Low,0.0,2.3333333333333335,1.599597487248627,255253.9600508001,0.35714285714285715,0.0706134128183214,0.017698558717844946,-0.5970499853690976,0.17600578727260172,859.0,GREEN (Reliable)
D0151,Te-InteriorSindh-0151 Traders,SM003,High,0.08333333333333333,9.777777777777779,4.842989309769892,64677.94619215893,-0.5,0.04809510175852681,0.06826561341111965,0.11371820061641635,0.457366249998542,780.0,GREEN (Reliable)
D0152,Ph-Islamabad-0152 Traders,SM004,Low,0.0,1.4285714285714286,1.7438823185999512,114657.38381710472,-0.625,0.05773677530256478,0.017698558717844946,-0.6268448634526402,0.15592707440171608,867.0,GREEN (Reliable)
D0153,Te-Islamabad-0153 Traders,SM008,Low,0.0,1.3333333333333333,1.6787441193290351,27296.389315372104,0.2,0.0485033973303768,0.017698558717844946,-0.6384227143419205,0.1559650300500611,867.0,GREEN (Reliable)
D0154,Ph-Gujranwala-0154 Traders,SM007,Medium,0.0,1.7142857142857142,1.722731270483888,601533.1274696814,1.3,0.031461751367213554,0.052106245899751005,-0.6148704117642256,0.42068136663368205,788.0,GREEN (Reliable)
D0155,Te-Gujranwala-0155 Traders,SM008,Medium,0.0,12.210526315789474,6.6560521559728105,328168.78940228606,-0.5333333333333333,0.0485033973303768,0.052106245899751005,0.4251388665415773,0.7648977242199138,702.0,GREEN (Reliable)
D0156,FM-Karachi-0156 Traders,SM004,Medium,0.125,8.25,6.604471789556498,223440.09614272453,-0.8571428571428571,0.05148677530256478,0.05091576970927481,0.2229183826672578,0.5979486852304297,747.0,GREEN (Reliable)
D0157,FM-Lahore-0157 Traders,SM005,Low,0.0,2.6363636363636362,1.5406577730392867,106490.48712064615,0.3333333333333333,0.025015859380840076,0.017698558717844946,-0.5881863439293387,0.27364556253897665,826.0,GREEN (Reliable)
D0158,FM-Karachi-0158 Traders,SM007,Medium,0.0,2.6666666666666665,2.46429041972071,76709.50348280814,3.5,0.031461751367213554,0.052106245899751005,-0.4896150950303243,0.2712566714625245,827.0,GREEN (Reliable)
D0159,FM-Faisalabad-0159 Traders,SM005,Medium,0.0,0.8571428571428571,1.0593499054713802,37509.78879053553,0.0,0.025015859380840076,0.052106245899751005,-0.7271775345453779,0.1644086086418166,864.0,GREEN (Reliable)
D0160,Te-Rawalpindi-0160 Traders,SM005,Low,0.0,1.7857142857142858,1.8934009929915634,643106.9775129491,18.0,0.025015859380840076,0.017698558717844946,-0.5933852502796468,0.6702309483453492,729.0,GREEN (Reliable)
D0161,Te-Lahore-0161 Traders,SM002,Low,0.0,2.0714285714285716,1.5839103288458478,346492.4342923551,1.1666666666666667,0.038414778032425094,0.017698558717844946,-0.6117126980889259,0.3157543560712678,815.0,GREEN (Reliable)
D0162,FM-Islamabad-0162 Traders,SM008,Low,0.0,1.0555555555555556,1.6874889770363088,53274.18110898552,-0.6875,0.0485033973303768,0.017698558717844946,-0.6513065773436992,0.15459072429305232,868.0,GREEN (Reliable)
D0163,FM-Gujranwala-0163 Traders,SM006,Medium,0.0,2.0,1.5781242633190171,101794.83300266408,0.1,0.04057246715117146,0.052106245899751005,-0.6158700706576317,0.17900857624997094,858.0,GREEN (Reliable)
D0164,FM-InteriorSindh-0164 Traders,SM003,High,0.09090909090909091,2.0,1.449137674618944,274898.73808016937,-0.625,0.04784257650600156,0.06807136321686946,-0.6294254006575786,0.18443285711579702,856.0,GREEN (Reliable)
D0165,Te-InteriorPunjab-0165 Traders,SM001,Medium,0.05,11.3,5.920526292395581,402113.00088457385,18.0,0.06853007948498806,0.05163005542356053,0.3025973644677666,0.7895282550165497,694.0,AMBER (Moderate)
D0166,Te-Islamabad-0166 Traders,SM002,Low,0.0,9.857142857142858,5.830951894845301,119296.43328548328,-0.5,0.038414778032425094,0.017698558717844946,0.22148785658114048,0.6585773341537116,732.0,GREEN (Reliable)
D0167,FM-Peshawar-0167 Traders,SM006,High,0.15151515151515152,26.91304347826087,18.86052959806741,150202.28504520806,1.0,0.03516121173991605,0.06651736166286791,2.4382925431707654,0.9966275616799054,442.0,RED (High Risk)
D0168,Ph-Karachi-0168 Traders,SM006,Medium,0.0,1.6,1.3801311186847085,612083.1495382686,5.0,0.04057246715117146,0.052106245899751005,-0.6565535000187098,0.3937940756023109,795.0,GREEN (Reliable)
D0169,Te-Multan-0169 Traders,SM003,Medium,0.0,2.1,1.9439254496626546,321637.42528307205,-0.2608695652173913,0.05087287953630459,0.052106245899751005,-0.5724586242362868,0.23326143811205052,839.0,GREEN (Reliable)
D0170,Ph-Multan-0170 Traders,SM004,Medium,0.10810810810810811,12.071428571428571,6.041209491584622,158502.84289221835,1.3636363636363635,0.05233136989715938,0.05107664487014998,0.3536126216267007,0.6552134857568093,733.0,GREEN (Reliable)
D0171,Te-Islamabad-0171 Traders,SM007,Low,0.0,1.5625,2.0713464679952,371245.5762437207,1.0,0.031461751367213554,0.017698558717844946,-0.5857763728615337,0.3678320406327262,801.0,GREEN (Reliable)
D0172,Te-Peshawar-0172 Traders,SM001,High,0.045454545454545456,1.5,1.760681686165901,575008.7722575058,0.0,0.068719473424382,0.06923686438237063,-0.6215300919246017,0.22667190490024564,841.0,GREEN (Reliable)
D0173,FM-Islamabad-0173 Traders,SM005,Low,0.0,1.4545454545454546,1.408308678285174,307622.05024440004,-0.2222222222222222,0.025015859380840076,0.017698558717844946,-0.660819976077047,0.317105029961561,814.0,GREEN (Reliable)
D0174,Te-InteriorSindh-0174 Traders,SM005,High,0.0,1.8095238095238095,2.4138847998278266,581291.2243251917,0.4444444444444444,0.025015859380840076,0.0704023655478718,-0.5375039818475758,0.45364593383706847,781.0,GREEN (Reliable)
D0175,Ph-Faisalabad-0175 Traders,SM001,Medium,0.07692307692307693,1.8,1.5879984667608413,258042.82318902708,-0.14285714285714285,0.06740828461319319,0.051373645167150275,-0.6247704462994683,0.14652083597173537,872.0,GREEN (Reliable)
D0176,Ph-Karachi-0176 Traders,SM002,Medium,0.11764705882352941,25.833333333333332,14.08883380891542,58683.83932551594,0.42857142857142855,0.033708895679483916,0.0509857977204793,1.8831790947658478,0.9867877503562819,521.0,RED (High Risk)
D0177,Ph-Lahore-0177 Traders,SM002,Low,0.0,25.4,13.739404711633812,412289.71029055794,4.0,0.038414778032425094,0.017698558717844946,1.82492476496295,0.9941313899200073,474.0,RED (High Risk)
D0178,FM-Karachi-0178 Traders,SM006,Medium,0.0,1.4615384615384615,1.6888013236829962,29230.53538796499,-0.5217391304347826,0.04057246715117146,0.052106245899751005,-0.6309952377840448,0.15131693956344583,869.0,GREEN (Reliable)
D0179,FM-Rawalpindi-0179 Traders,SM007,Low,0.0,9.222222222222221,6.303438215238834,57359.848716201835,0.0,0.031461751367213554,0.017698558717844946,0.23959250340645044,0.6732439150321671,728.0,GREEN (Reliable)
D0180,Ph-Karachi-0180 Traders,SM005,Medium,0.0,2.090909090909091,1.9277263893659975,130627.1895201025,-0.7083333333333334,0.025015859380840076,0.052106245899751005,-0.5746127299869697,0.24755970247483458,834.0,GREEN (Reliable)
D0181,Ph-Faisalabad-0181 Traders,SM005,Medium,0.11764705882352941,30.666666666666668,15.028096291976558,363315.73227491236,0.125,0.021220792967177837,0.0509857977204793,2.222057049685776,0.9973358127775163,428.0,RED (High Risk)
D0182,Ph-Lahore-0182 Traders,SM003,Low,0.02857142857142857,2.142857142857143,2.0999957558738203,522854.2327219947,0.1875,0.04992049858392364,0.017307169285359626,-0.5539274537110457,0.3669314085099703,801.0,GREEN (Reliable)
D0183,Te-Peshawar-0183 Traders,SM001,High,0.03571428571428571,10.375,6.391099580365952,46205.53487700069,-0.4444444444444444,0.06912531758022615,0.06948661463212089,0.3060868300188518,0.46616006555237655,778.0,GREEN (Reliable)
D0184,Te-InteriorPunjab-0184 Traders,SM007,Medium,0.17647058823529413,29.583333333333332,10.133179100426414,138070.84851506722,0.8333333333333334,0.023058390022675734,0.05042557363084344,1.653814103072699,0.98416964505272,532.0,RED (High Risk)
D0185,Ph-Islamabad-0185 Traders,SM007,Low,0.0,2.6666666666666665,1.8575654633281302,472597.2314247784,1.5,0.031461751367213554,0.017698558717844946,-0.5533764293363941,0.43844857580937746,784.0,GREEN (Reliable)
D0186,Ph-InteriorSindh-0186 Traders,SM006,High,0.1,2.2857142857142856,1.130388330520878,41139.46473493058,8.0,0.037001038579742886,0.06783826298376923,-0.6487258524309352,0.18452506132504634,856.0,GREEN (Reliable)
D0187,Te-InteriorSindh-0187 Traders,SM007,High,0.0,0.7142857142857143,0.4879500364742666,88444.72836862764,7.0,0.031461751367213554,0.0704023655478718,-0.7943251382568921,0.1620560615641501,865.0,GREEN (Reliable)
D0188,Ph-Peshawar-0188 Traders,SM001,High,0.0,2.310344827586207,1.3732131246511903,115407.38641065374,-0.7142857142857143,0.0706134128183214,0.0704023655478718,-0.6219832515222157,0.10075881218889714,896.0,GREEN (Reliable)
D0189,Ph-Lahore-0189 Traders,SM005,Low,0.0,1.411764705882353,1.3890959226126398,46684.996807940646,-0.48,0.025015859380840076,0.017698558717844946,-0.6649648532743833,0.21372479976475092,845.0,GREEN (Reliable)
D0190,Te-Rawalpindi-0190 Traders,SM002,Low,0.0,9.90625,6.266226707353484,70898.04731572127,0.26666666666666666,0.038414778032425094,0.017698558717844946,0.26967147330793784,0.6683870326683222,729.0,GREEN (Reliable)
D0191,Ph-InteriorSindh-0191 Traders,SM005,High,0.037037037037037035,2.0,2.141171498179299,182351.8903735632,-0.5,0.02382111625061308,0.06945269793153751,-0.5566988719228869,0.2610583075309443,830.0,GREEN (Reliable)
D0192,Te-Multan-0192 Traders,SM004,Medium,0.02564102564102564,1.7037037037037037,1.8814434094564731,232918.2286015695,0.05263157894736842,0.056454724020513505,0.05186204565555076,-0.5987170174428514,0.17852701502515247,858.0,GREEN (Reliable)
D0193,Te-Peshawar-0193 Traders,SM001,High,0.25,18.5,19.5021366350801,42341.35692267461,4.0,0.06019674615165473,0.06399210913761538,2.0876727809598243,0.986381714011674,523.0,RED (High Risk)
D0194,FM-Gujranwala-0194 Traders,SM005,Medium,0.0,1.75,1.6362578957724947,36405.46261026072,0.23076923076923078,0.025015859380840076,0.052106245899751005,-0.6221833308897,0.201780127617347,849.0,GREEN (Reliable)
D0195,Ph-Karachi-0195 Traders,SM008,Medium,0.26666666666666666,17.25,17.177681079608135,193687.84358465768,-0.3333333333333333,0.04042258924956872,0.04956656336006846,1.7812805049295442,0.9844311333382336,531.0,RED (High Risk)
D0196,Ph-Karachi-0196 Traders,SM003,Medium,0.0,1.2857142857142858,1.2478553029669976,65065.65912836507,-0.5,0.05087287953630459,0.052106245899751005,-0.6860714583935098,0.12227415903964695,884.0,GREEN (Reliable)
D0197,Ph-Lahore-0197 Traders,SM001,Low,0.0,2.2857142857142856,1.2880570286640687,131624.60786653394,0.0,0.0706134128183214,0.017698558717844946,-0.6321562907770284,0.13204648128091662,879.0,GREEN (Reliable)
D0198,Ph-InteriorSindh-0198 Traders,SM007,High,0.11904761904761904,8.962962962962964,6.068799743798631,123182.60477291537,-0.09090909090909091,0.025792817126850737,0.06734986249536874,0.20205143345156573,0.6386073962208635,737.0,GREEN (Reliable)
D0199,Ph-InteriorSindh-0199 Traders,SM001,High,0.06896551724137931,8.181818181818182,6.282748958293215,448822.3919819404,-0.7391304347826086,0.0677398495999306,0.06863401895193899,0.18572023068752377,0.5960270082214224,747.0,GREEN (Reliable)
D0200,Ph-InteriorPunjab-0200 Traders,SM008,Medium,0.0,1.6666666666666667,1.562128004498679,46180.43688607629,-0.5357142857142857,0.0485033973303768,0.052106245899751005,-0.6341145761885909,0.13646097985279002,876.0,GREEN (Reliable)
D0201,FM-InteriorSindh-0201 Traders,SM005,High,0.0,1.4615384615384615,1.5984195491000022,33356.17313153993,-0.4444444444444444,0.025015859380840076,0.0704023655478718,-0.6404935491418411,0.17617424068948592,859.0,GREEN (Reliable)
D0202,FM-Lahore-0202 Traders,SM002,Low,0.0,1.52,1.53055303488399,354540.4466747056,-0.5263157894736842,0.038414778032425094,0.017698558717844946,-0.6447207361836844,0.2900495617609975,822.0,GREEN (Reliable)
D0203,FM-InteriorSindh-0203 Traders,SM003,High,0.045454545454545456,9.941176470588236,5.06575806389377,112864.93830849837,-0.3076923076923077,0.049357728021153076,0.06923686438237063,0.14524852708854794,0.4974459119955663,771.0,GREEN (Reliable)
D0204,Te-InteriorPunjab-0204 Traders,SM002,Medium,0.0,7.875,4.971027168615266,267822.114930016,-0.75,0.038414778032425094,0.052106245899751005,0.0326241758800667,0.5805086719612895,751.0,GREEN (Reliable)
D0205,Ph-Lahore-0205 Traders,SM007,Low,0.0,1.6,1.2724180205607036,51341.810044507816,-0.8333333333333334,0.031461751367213554,0.017698558717844946,-0.6678731775534235,0.1927985428401353,853.0,GREEN (Reliable)
D0206,FM-Faisalabad-0206 Traders,SM003,Medium,0.21428571428571427,10.3,4.941475672122834,379196.1462540127,0.8,0.04373002239344745,0.05006542957322039,0.1500176247099835,0.6706971651500196,729.0,GREEN (Reliable)
D0207,Ph-InteriorSindh-0207 Traders,SM004,High,0.15151515151515152,23.041666666666668,15.587396550320108,54474.26009440256,0.0625,0.0501610177268072,0.06651736166286791,1.901945724399472,0.9809161229081311,543.0,RED (High Risk)
D0208,Te-Faisalabad-0208 Traders,SM006,Medium,0.14814814814814814,26.647058823529413,12.605601364899295,102683.62008901563,-0.7142857142857143,0.03528146186016617,0.05069531115548293,1.7677389957695853,0.9829138746111821,536.0,RED (High Risk)
D0209,FM-InteriorSindh-0209 Traders,SM005,High,0.0,1.7647058823529411,1.5264551613058028,223683.0311067119,-0.6153846153846154,0.025015859380840076,0.0704023655478718,-0.6329918702872115,0.23969281524187705,837.0,GREEN (Reliable)
D0210,FM-Karachi-0210 Traders,SM004,Medium,0.0,1.6666666666666667,1.5366550286574245,63944.17074851137,-0.4166666666666667,0.05773677530256478,0.052106245899751005,-0.6367915567730746,0.12107135544705748,884.0,GREEN (Reliable)
D0211,Ph-Faisalabad-0211 Traders,SM008,Medium,0.0,1.6521739130434783,1.7916472867168918,35142.19152218443,1.125,0.0485033973303768,0.052106245899751005,-0.610714314257224,0.14771197236485117,871.0,GREEN (Reliable)
D0212,FM-Peshawar-0212 Traders,SM002,High,0.15,19.9,15.789516253812584,245923.45958984384,-0.18181818181818182,0.03241477803242509,0.06655621170171795,1.7670762398693864,0.9869257747797977,520.0,RED (High Risk)
D0213,Te-Faisalabad-0213 Traders,SM008,Medium,0.027777777777777776,1.8571428571428572,2.1111946516469904,29614.194572495693,0.11764705882352941,0.04766164648862596,0.05184169563520074,-0.5669477870727195,0.15567288460770287,867.0,GREEN (Reliable)
D0214,Ph-Karachi-0214 Traders,SM002,Medium,0.0,0.3333333333333333,0.5773502691896258,661176.5271182362,3.0,0.038414778032425094,0.052106245899751005,-0.8038596268555332,0.3297665300068876,811.0,GREEN (Reliable)
D0215,Te-InteriorPunjab-0215 Traders,SM001,Medium,0.23529411764705882,34.18181818181818,15.818392410783671,236617.28022013573,-0.38095238095238093,0.060809491249693946,0.04986534954120759,2.4797790931273216,0.9958867380429794,453.0,RED (High Risk)
D0216,Ph-Rawalpindi-0216 Traders,SM002,Low,0.0,1.9523809523809523,1.5617789341495933,341261.0647301927,-0.5263157894736842,0.038414778032425094,0.017698558717844946,-0.6199540237890504,0.2965530489035372,820.0,GREEN (Reliable)
D0217,Te-Karachi-0217 Traders,SM008,Medium,0.0,1.6428571428571428,1.6763879860706166,66063.08468869167,-0.6470588235294118,0.0485033973303768,0.052106245899751005,-0.6232899831508577,0.1437561412321579,873.0,GREEN (Reliable)
D0218,Ph-Karachi-0218 Traders,SM007,Medium,0.0,2.25,1.7986923354612536,77970.10445957995,0.8333333333333334,0.031461751367213554,0.052106245899751005,-0.580267768708775,0.21539424355126296,845.0,GREEN (Reliable)
D0219,Ph-Karachi-0219 Traders,SM003,Medium,0.0,0.5,0.9374368665610922,263855.6158589572,2.0,0.05087287953630459,0.052106245899751005,-0.7577360437929259,0.16050236959904854,865.0,GREEN (Reliable)
D0220,Ph-InteriorSindh-0220 Traders,SM005,High,0.0,2.5,1.4433756729740645,274898.73808016937,-0.2857142857142857,0.025015859380840076,0.0704023655478718,-0.6051857712233957,0.27361195864384114,826.0,GREEN (Reliable)
